公司代码 	公司简称 	A股代码	A股简称	A股上市日期	A股总股本	A股流通股本	
600000	  浦发银行	  600000	  浦发银行	  1999-11-10	  2935208.04	  2810376.39	  
600004	  白云机场	  600004	  白云机场	  2003-04-28	  206932.05	  206932.05	  
600006	  东风汽车	  600006	  东风汽车	  1999-07-27	  200000.00	  200000.00	  
600007	  中国国贸	  600007	  中国国贸	  1999-03-12	  100728.25	  100728.25	  
600008	  首创股份	  600008	  首创股份	  2000-04-27	  482061.41	  482061.41	  
600009	  上海机场	  600009	  上海机场	  1998-02-18	  192695.84	  109347.64	  
600010	  包钢股份	  600010	  包钢股份	  2001-03-09	  4558503.26	  2203883.38	  
600011	  华能国际	  600011	  华能国际	  2001-12-06	  1520038.34	  1520038.34	  
600012	  皖通高速	  600012	  皖通高速	  2003-01-07	  165861.00	  165861.00	  
600015	  华夏银行	  600015	  华夏银行	  2003-09-12	  1282268.67	  1282268.67	  
600016	  民生银行	  600016	  民生银行	  2000-12-19	  3648534.88	  3648534.88	  
600017	  日照港	  600017	  日照港	  2006-10-17	  307565.39	  307565.39	  
600018	  上港集团	  600018	  上港集团	  2006-10-26	  2317367.47	  2275517.97	  
600019	  宝钢股份	  600019	  宝钢股份	  2000-12-12	  2210265.69	  2208972.62	  
600020	  中原高速	  600020	  中原高速	  2003-08-08	  224737.18	  224737.18	  
600021	  上海电力	  600021	  上海电力	  2003-10-29	  213973.93	  213973.93	  
600022	  山东钢铁	  600022	  山东钢铁	  2004-06-29	  1094654.96	  1068861.31	  
600023	  浙能电力	  600023	  浙能电力	  2013-12-19	  1360069.00	  1360069.00	  
600026	  中远海能	  600026	  中远海能	  2002-05-23	  403203.29	  403203.29	  
600027	  华电国际	  600027	  华电国际	  2005-02-03	  986297.67	  850183.93	  
600028	  中国石化	  600028	  中国石化	  2001-08-08	  12107120.96	  12107120.96	  
600029	  南方航空	  600029	  南方航空	  2003-07-25	  1008817.33	  1008817.33	  
600030	  中信证券	  600030	  中信证券	  2003-01-06	  1211690.84	  1209298.94	  
600031	  三一重工	  600031	  三一重工	  2003-07-03	  764358.57	  759377.92	  
600033	  福建高速	  600033	  福建高速	  2001-02-09	  274440.00	  274440.00	  
600035	  楚天高速	  600035	  楚天高速	  2004-03-10	  173079.59	  145337.79	  
600036	  招商银行	  600036	  招商银行	  2002-04-09	  2521984.56	  2521984.56	  
600037	  歌华有线	  600037	  歌华有线	  2001-02-08	  139177.79	  116835.20	  
600038	  中直股份	  600038	  中直股份	  2000-12-18	  58947.67	  58947.67	  
600039	  四川路桥	  600039	  四川路桥	  2003-03-25	  361052.55	  301973.27	  
600048	  保利地产	  600048	  保利地产	  2006-07-31	  1185844.11	  1173634.09	  
600050	  中国联通	  600050	  中国联通	  2002-10-09	  3023395.07	  2119659.64	  
600051	  宁波联合	  600051	  宁波联合	  1997-04-10	  31088.00	  31088.00	  
600052	  浙江广厦	  600052	  浙江广厦	  1997-04-18	  87178.91	  87178.91	  
600053	  九鼎投资	  600053	  九鼎投资	  1997-04-18	  43354.08	  43354.08	  
600054	  黄山旅游	  600054	  黄山旅游	  1997-05-06	  74730.00	  74730.00	  
600055	  万东医疗	  600055	  万东医疗	  1997-05-19	  54081.62	  48484.80	  
600056	  中国医药	  600056	  中国医药	  1997-05-15	  106848.55	  101213.61	  
600057	  象屿股份	  600057	  象屿股份	  1997-06-04	  117077.94	  110440.34	  
600058	  五矿发展	  600058	  五矿发展	  1997-05-28	  107191.07	  107191.07	  
600059	  古越龙山	  600059	  古越龙山	  1997-05-16	  80852.42	  80852.42	  
600060	  海信电器	  600060	  海信电器	  1997-04-22	  130848.12	  130848.12	  
600061	  国投安信	  600061	  国投安信	  1997-05-19	  422712.97	  196236.50	  
600062	  华润双鹤	  600062	  华润双鹤	  1997-05-22	  86936.48	  68603.51	  
600063	  皖维高新	  600063	  皖维高新	  1997-05-28	  192589.47	  152011.33	  
600064	  南京高科	  600064	  南京高科	  1997-05-06	  77247.31	  77247.31	  
600066	  宇通客车	  600066	  宇通客车	  1997-05-08	  221393.92	  190348.42	  
600067	  冠城大通	  600067	  冠城大通	  1997-05-08	  149211.07	  149211.07	  
600068	  葛洲坝	  600068	  葛洲坝	  1997-05-26	  460477.74	  460477.74	  
600069	  银鸽投资	  600069	  银鸽投资	  1997-04-30	  124910.30	  82537.41	  
600070	  浙江富润	  600070	  浙江富润	  1997-06-04	  52194.61	  35661.31	  
600071	  凤凰光学	  600071	  凤凰光学	  1997-05-28	  23747.25	  23747.25	  
600072	  中船科技	  600072	  中船科技	  1997-06-03	  73624.99	  47842.96	  
600073	  上海梅林	  600073	  上海梅林	  1997-07-04	  93772.95	  93772.95	  
600074	  保千里	  600074	  保千里	  1997-06-23	  243788.60	  101831.37	  
600075	  新疆天业	  600075	  新疆天业	  1997-06-17	  97252.24	  83239.97	  
600076	  康欣新材	  600076	  康欣新材	  1997-05-26	  103426.41	  75237.46	  
600077	  宋都股份	  600077	  宋都股份	  1997-05-20	  134012.23	  134012.23	  
600078	  澄星股份	  600078	  澄星股份	  1997-06-27	  66257.29	  66257.29	  
600079	  人福医药	  600079	  人福医药	  1997-06-06	  128604.91	  105755.44	  
600080	  金花股份	  600080	  金花股份	  1997-06-12	  30529.59	  30529.59	  
600081	  东风科技	  600081	  东风科技	  1997-07-03	  31356.00	  31356.00	  
600082	  海泰发展	  600082	  海泰发展	  1997-06-20	  64611.58	  63254.18	  
600083	  博信股份	  600083	  博信股份	  1997-06-06	  23000.00	  22743.08	  
600084	  中葡股份	  600084	  中葡股份	  1997-07-11	  112372.68	  99820.38	  
600085	  同仁堂	  600085	  同仁堂	  1997-06-25	  137147.03	  137147.03	  
600086	  东方金钰	  600086	  东方金钰	  1997-06-06	  135000.00	  105684.50	  
600088	  中视传媒	  600088	  中视传媒	  1997-06-16	  33142.20	  33142.20	  
600089	  特变电工	  600089	  特变电工	  1997-06-18	  371864.78	  371431.28	  
600090	  同济堂	  600090	  同济堂	  1997-06-16	  143966.29	  70269.70	  
600091	  ST明科	  600091	  ST明科	  1997-07-04	  43741.25	  33652.60	  
600093	  易见股份	  600093	  易见股份	  1997-06-26	  112244.75	  32244.75	  
600094	  大名城	  600094	  大名城	  1997-07-03	  247532.51	  247532.51	  
600095	  哈高科	  600095	  哈高科	  1997-07-08	  36126.36	  36126.36	  
600096	  云天化	  600096	  云天化	  1997-07-09	  132137.91	  112213.01	  
600097	  开创国际	  600097	  开创国际	  1997-06-19	  20259.79	  20259.79	  
600098	  广州发展	  600098	  广州发展	  1997-07-18	  272619.66	  272619.66	  
600099	  林海股份	  600099	  林海股份	  1997-07-04	  21912.00	  21912.00	  
600100	  同方股份	  600100	  同方股份	  1997-06-27	  296389.90	  219788.22	  
600101	  明星电力	  600101	  明星电力	  1997-06-27	  32417.90	  32417.90	  
600103	  青山纸业	  600103	  青山纸业	  1997-07-03	  177370.60	  106184.16	  
600104	  上汽集团	  600104	  上汽集团	  1997-11-25	  1168346.14	  1102556.66	  
600105	  永鼎股份	  600105	  永鼎股份	  1997-09-29	  96389.31	  76190.93	  
600106	  重庆路桥	  600106	  重庆路桥	  1997-06-18	  99851.62	  99851.62	  
600107	  美尔雅	  600107	  美尔雅	  1997-11-06	  36000.00	  36000.00	  
600108	  亚盛集团	  600108	  亚盛集团	  1997-08-18	  194691.51	  194691.51	  
600109	  国金证券	  600109	  国金证券	  1997-08-07	  302435.93	  302435.93	  
600110	  诺德股份	  600110	  诺德股份	  1997-10-07	  115031.21	  115031.21	  
600111	  北方稀土	  600111	  北方稀土	  1997-09-24	  363306.60	  363306.60	  
600112	  *ST天成	  600112	  *ST天成	  1997-11-27	  50920.48	  50920.48	  
600113	  浙江东日	  600113	  浙江东日	  1997-10-21	  31860.00	  31860.00	  
600114	  东睦股份	  600114	  东睦股份	  2004-05-11	  43634.76	  38670.05	  
600115	  东方航空	  600115	  东方航空	  1997-11-05	  1446758.57	  1446758.57	  
600116	  三峡水利	  600116	  三峡水利	  1997-08-04	  99300.55	  88800.55	  
600117	  西宁特钢	  600117	  西宁特钢	  1997-10-15	  104511.83	  74121.93	  
600118	  中国卫星	  600118	  中国卫星	  1997-09-08	  118248.91	  118248.91	  
600119	  长江投资	  600119	  长江投资	  1998-01-15	  30740.00	  30740.00	  
600120	  浙江东方	  600120	  浙江东方	  1997-12-01	  67260.62	  50547.35	  
600121	  *ST郑煤	  600121	  *ST郑煤	  1998-01-07	  101534.34	  101534.34	  
600122	  宏图高科	  600122	  宏图高科	  1998-04-20	  115411.59	  115244.09	  
600123	  兰花科创	  600123	  兰花科创	  1998-12-17	  114240.00	  114240.00	  
600125	  铁龙物流	  600125	  铁龙物流	  1998-05-11	  130552.19	  130552.19	  
600126	  杭钢股份	  600126	  杭钢股份	  1998-03-11	  259783.78	  92698.60	  
600127	  金健米业	  600127	  金健米业	  1998-05-06	  64178.32	  64178.32	  
600128	  弘业股份	  600128	  弘业股份	  1997-09-01	  24676.75	  24676.75	  
600129	  太极集团	  600129	  太极集团	  1997-11-18	  42689.40	  42689.40	  
600130	  波导股份	  600130	  波导股份	  2000-07-06	  76800.00	  76800.00	  
600131	  岷江水电	  600131	  岷江水电	  1998-04-02	  50412.52	  39743.81	  
600132	  重庆啤酒	  600132	  重庆啤酒	  1997-10-30	  48397.12	  48397.12	  
600133	  东湖高新	  600133	  东湖高新	  1998-02-12	  63425.78	  53794.89	  
600135	  乐凯胶片	  600135	  乐凯胶片	  1998-01-22	  37299.17	  36834.30	  
600136	  当代明诚	  600136	  当代明诚	  1998-03-03	  48718.22	  27449.58	  
600137	  浪莎股份	  600137	  浪莎股份	  1998-04-16	  9721.76	  9721.76	  
600138	  中青旅	  600138	  中青旅	  1997-12-03	  72384.00	  72384.00	  
600139	  西部资源	  600139	  西部资源	  1998-02-25	  66189.05	  66189.05	  
600141	  兴发集团	  600141	  兴发集团	  1999-06-16	  50072.09	  50072.09	  
600143	  金发科技	  600143	  金发科技	  2004-06-23	  271678.48	  256000.00	  
600145	  *ST新亿	  600145	  *ST新亿	  1999-09-23	  149110.04	  149110.04	  
600146	  商赢环球	  600146	  商赢环球	  1999-07-07	  46997.00	  20000.00	  
600148	  长春一东	  600148	  长春一东	  1998-05-20	  14151.65	  14151.65	  
600149	  *ST坊展	  600149	  *ST坊展	  1999-10-14	  38016.00	  38016.00	  
600150	  中国船舶	  600150	  中国船舶	  1998-05-20	  137811.76	  137811.76	  
600151	  航天机电	  600151	  航天机电	  1998-06-05	  143425.23	  138869.57	  
600152	  维科精华	  600152	  维科精华	  1998-06-09	  44066.07	  29349.42	  
600153	  建发股份	  600153	  建发股份	  1998-06-16	  283520.05	  283520.05	  
600155	  宝硕股份	  600155	  宝硕股份	  1998-09-18	  173955.66	  112824.22	  
600156	  华升股份	  600156	  华升股份	  1998-05-27	  40211.07	  40211.07	  
600157	  永泰能源	  600157	  永泰能源	  1998-05-13	  1242579.53	  582681.06	  
600158	  中体产业	  600158	  中体产业	  1998-03-27	  84373.54	  65749.54	  
600159	  大龙地产	  600159	  大龙地产	  1998-05-26	  83000.32	  83000.32	  
600160	  巨化股份	  600160	  巨化股份	  1998-06-26	  211166.62	  204493.85	  
600161	  天坛生物	  600161	  天坛生物	  1998-06-16	  67010.69	  67010.69	  
600162	  香江控股	  600162	  香江控股	  1998-06-09	  340067.14	  177432.80	  
600163	  中闽能源	  600163	  中闽能源	  1998-06-02	  99946.52	  75362.39	  
600165	  新日恒力	  600165	  新日恒力	  1998-05-29	  68488.38	  68488.38	  
600166	  福田汽车	  600166	  福田汽车	  1998-06-02	  667013.13	  667013.13	  
600167	  联美控股	  600167	  联美控股	  1999-01-28	  88004.60	  21100.00	  
600168	  武汉控股	  600168	  武汉控股	  1998-04-27	  70956.97	  70956.97	  
600169	  太原重工	  600169	  太原重工	  1998-09-04	  256395.50	  242395.50	  
600170	  上海建工	  600170	  上海建工	  1998-06-23	  890439.77	  821851.47	  
600171	  上海贝岭	  600171	  上海贝岭	  1998-09-24	  67380.78	  67380.78	  
600172	  黄河旋风	  600172	  黄河旋风	  1998-11-26	  142631.80	  116241.23	  
600173	  卧龙地产	  600173	  卧龙地产	  1999-04-15	  72514.75	  72505.75	  
600175	  美都能源	  600175	  美都能源	  1999-04-08	  357648.88	  245103.75	  
600176	  中国巨石	  600176	  中国巨石	  1999-04-22	  291858.90	  291858.90	  
600177	  雅戈尔	  600177	  雅戈尔	  1998-11-19	  358144.74	  358144.74	  
600178	  东安动力	  600178	  东安动力	  1998-10-14	  46208.00	  46208.00	  
600179	  安通控股	  600179	  安通控股	  1998-11-04	  106212.85	  48117.10	  
600180	  瑞茂通	  600180	  瑞茂通	  1998-07-03	  101647.75	  88254.89	  
600182	  S佳通	  600182	  S佳通	  1999-05-07	  34000.00	  17000.00	  
600183	  生益科技	  600183	  生益科技	  1998-10-28	  145552.46	  145552.46	  
600184	  光电股份	  600184	  光电股份	  2003-11-06	  50876.08	  41876.08	  
600185	  格力地产	  600185	  格力地产	  1999-06-11	  206007.76	  206007.76	  
600186	  莲花健康	  600186	  莲花健康	  1998-08-25	  106202.43	  106202.43	  
600187	  国中水务	  600187	  国中水务	  1998-11-11	  165393.51	  145562.42	  
600188	  兖州煤业	  600188	  兖州煤业	  1998-07-01	  491201.60	  491201.60	  
600189	  吉林森工	  600189	  吉林森工	  1998-10-07	  31050.00	  31050.00	  
600190	  锦州港	  600190	  锦州港	  1999-06-09	  200229.15	  200229.15	  
600191	  华资实业	  600191	  华资实业	  1998-12-10	  48493.20	  48493.20	  
600192	  长城电工	  600192	  长城电工	  1998-12-24	  44174.80	  44174.80	  
600193	  创兴资源	  600193	  创兴资源	  1999-05-27	  42537.30	  42537.30	  
600195	  中牧股份	  600195	  中牧股份	  1999-01-07	  42980.00	  42980.00	  
600196	  复星医药	  600196	  复星医药	  1998-08-07	  249513.10	  239291.38	  
600197	  伊力特	  600197	  伊力特	  1999-09-16	  44100.00	  44100.00	  
600198	  大唐电信	  600198	  大唐电信	  1998-10-21	  88210.85	  87019.67	  
600199	  金种子酒	  600199	  金种子酒	  1998-08-12	  55577.50	  55577.50	  
600200	  江苏吴中	  600200	  江苏吴中	  1999-04-01	  72189.20	  70790.81	  
600201	  生物股份	  600201	  生物股份	  1999-01-15	  89915.34	  85841.34	  
600202	  哈空调	  600202	  哈空调	  1999-06-03	  38334.07	  38334.07	  
600203	  福日电子	  600203	  福日电子	  1999-05-14	  45644.71	  30317.08	  
600206	  有研新材	  600206	  有研新材	  1999-03-19	  83877.83	  83877.83	  
600207	  安彩高科	  600207	  安彩高科	  1999-07-14	  86295.60	  69000.00	  
600208	  新湖中宝	  600208	  新湖中宝	  1999-06-23	  859934.35	  859817.19	  
600209	  罗顿发展	  600209	  罗顿发展	  1999-03-25	  43901.12	  42634.50	  
600210	  紫江企业	  600210	  紫江企业	  1999-08-24	  151673.62	  143673.62	  
600211	  西藏药业	  600211	  西藏药业	  1999-07-21	  17961.92	  14558.90	  
600212	  江泉实业	  600212	  江泉实业	  1999-08-17	  51169.72	  51169.72	  
600213	  亚星客车	  600213	  亚星客车	  1999-08-31	  22000.00	  22000.00	  
600215	  长春经开	  600215	  长春经开	  1999-09-09	  46503.29	  46503.29	  
600216	  浙江医药	  600216	  浙江医药	  1999-10-21	  96234.80	  94659.97	  
600217	  中再资环	  600217	  中再资环	  1999-12-16	  141133.65	  72019.77	  
600218	  全柴动力	  600218	  全柴动力	  1998-12-03	  36875.50	  36875.50	  
600219	  南山铝业	  600219	  南山铝业	  1999-12-23	  925110.29	  708796.09	  
600220	  江苏阳光	  600220	  江苏阳光	  1999-09-27	  178334.03	  178334.03	  
600221	  海航控股	  600221	  海航控股	  1999-11-25	  1680612.03	  1680544.91	  
600222	  太龙药业	  600222	  太龙药业	  1999-11-05	  57388.63	  53766.00	  
600223	  鲁商置业	  600223	  鲁商置业	  2000-01-13	  100096.80	  100096.80	  
600225	  *ST松江	  600225	  *ST松江	  2000-01-27	  93549.26	  85045.16	  
600226	  瀚叶股份	  600226	  瀚叶股份	  1999-11-16	  241433.86	  153297.62	  
600227	  赤天化	  600227	  赤天化	  2000-02-21	  173631.91	  124540.08	  
600228	  *ST昌九	  600228	  *ST昌九	  1999-01-19	  24132.00	  24132.00	  
600229	  城市传媒	  600229	  城市传媒	  2000-03-09	  70209.60	  42977.21	  
600230	  沧州大化	  600230	  沧州大化	  2000-04-06	  29418.82	  29418.82	  
600231	  凌钢股份	  600231	  凌钢股份	  2000-05-11	  251916.61	  160800.44	  
600232	  金鹰股份	  600232	  金鹰股份	  2000-06-02	  36471.85	  36471.85	  
600233	  圆通速递	  600233	  圆通速递	  2000-06-08	  282122.96	  78336.79	  
600234	  ST山水	  600234	  ST山水	  2000-06-15	  20244.59	  20244.59	  
600235	  民丰特纸	  600235	  民丰特纸	  2000-06-15	  35130.00	  35130.00	  
600236	  桂冠电力	  600236	  桂冠电力	  2000-03-23	  606336.75	  360447.08	  
600237	  铜峰电子	  600237	  铜峰电子	  2000-06-09	  56436.96	  56436.96	  
600238	  海南椰岛	  600238	  海南椰岛	  2000-01-20	  44820.00	  44500.16	  
600239	  云南城投	  600239	  云南城投	  1999-12-02	  160568.69	  160568.69	  
600240	  华业资本	  600240	  华业资本	  2000-06-28	  142425.36	  142425.36	  
600241	  时代万恒	  600241	  时代万恒	  2000-11-28	  22619.21	  19295.91	  
600242	  中昌数据	  600242	  中昌数据	  2000-12-07	  45666.51	  28534.10	  
600243	  青海华鼎	  600243	  青海华鼎	  2000-11-20	  43885.00	  23685.00	  
600246	  万通地产	  600246	  万通地产	  2000-09-22	  205400.93	  121680.00	  
600247	  ST成城	  600247	  ST成城	  2000-11-23	  33644.16	  33644.16	  
600248	  延长化建	  600248	  延长化建	  2000-06-22	  61579.60	  60760.60	  
600249	  两面针	  600249	  两面针	  2004-01-30	  55000.00	  45000.00	  
600250	  南纺股份	  600250	  南纺股份	  2001-03-06	  25869.25	  25869.25	  
600251	  冠农股份	  600251	  冠农股份	  2003-06-09	  78484.20	  78484.20	  
600252	  中恒集团	  600252	  中恒集团	  2000-11-30	  347510.71	  343009.66	  
600255	  梦舟股份	  600255	  梦舟股份	  2000-11-22	  176959.36	  176959.36	  
600256	  广汇能源	  600256	  广汇能源	  2000-05-26	  522142.47	  522142.47	  
600257	  大湖股份	  600257	  大湖股份	  2000-06-12	  48123.72	  42705.00	  
600258	  首旅酒店	  600258	  首旅酒店	  2000-06-01	  81574.28	  27768.00	  
600259	  广晟有色	  600259	  广晟有色	  2000-05-25	  30180.23	  26212.26	  
600260	  凯乐科技	  600260	  凯乐科技	  2000-07-06	  70884.85	  53936.91	  
600261	  阳光照明	  600261	  阳光照明	  2000-07-20	  145210.29	  145210.29	  
600262	  北方股份	  600262	  北方股份	  2000-06-30	  17000.00	  17000.00	  
600265	  ST景谷	  600265	  ST景谷	  2000-08-25	  12980.00	  12980.00	  
600266	  北京城建	  600266	  北京城建	  1999-02-03	  156704.00	  156704.00	  
600267	  海正药业	  600267	  海正药业	  2000-07-25	  96553.18	  96553.18	  
600268	  国电南自	  600268	  国电南自	  1999-11-18	  63524.64	  63524.64	  
600269	  赣粤高速	  600269	  赣粤高速	  2000-05-18	  233540.70	  233540.70	  
600270	  外运发展	  600270	  外运发展	  2000-12-28	  90548.17	  90548.17	  
600271	  航天信息	  600271	  航天信息	  2003-07-11	  186285.18	  184681.19	  
600272	  开开实业	  600272	  开开实业	  1997-01-08	  24300.00	  24000.00	  
600273	  嘉化能源	  600273	  嘉化能源	  2003-06-27	  149399.36	  130628.53	  
600275	  *ST昌鱼	  600275	  *ST昌鱼	  2000-08-10	  50883.72	  50883.72	  
600276	  恒瑞医药	  600276	  恒瑞医药	  2000-10-18	  281688.30	  281630.85	  
600277	  亿利洁能	  600277	  亿利洁能	  2000-07-25	  273894.01	  208958.95	  
600278	  东方创业	  600278	  东方创业	  2000-07-12	  52224.17	  52224.17	  
600279	  重庆港九	  600279	  重庆港九	  2000-07-31	  69295.86	  69295.86	  
600280	  中央商场	  600280	  中央商场	  2000-09-26	  114833.49	  114833.49	  
600281	  太化股份	  600281	  太化股份	  2000-11-09	  51440.20	  51440.20	  
600282	  南钢股份	  600282	  南钢股份	  2000-09-19	  440897.75	  387575.25	  
600283	  钱江水利	  600283	  钱江水利	  2000-10-18	  35299.58	  33591.61	  
600284	  浦东建设	  600284	  浦东建设	  2004-03-16	  69304.00	  69304.00	  
600285	  羚锐制药	  600285	  羚锐制药	  2000-10-18	  59232.08	  53543.46	  
600287	  江苏舜天	  600287	  江苏舜天	  2000-09-01	  43679.61	  43679.61	  
600288	  大恒科技	  600288	  大恒科技	  2000-11-29	  43680.00	  43680.00	  
600289	  亿阳信通	  600289	  亿阳信通	  2000-07-20	  63105.21	  56592.27	  
600290	  华仪电气	  600290	  华仪电气	  2000-11-06	  75990.35	  52688.37	  
600291	  西水股份	  600291	  西水股份	  2000-07-31	  109306.44	  97889.08	  
600292	  远达环保	  600292	  远达环保	  2000-11-01	  78081.69	  78081.69	  
600293	  三峡新材	  600293	  三峡新材	  2000-09-19	  116213.20	  51675.39	  
600295	  鄂尔多斯	  600295	  鄂尔多斯	  1995-10-20	  103200.00	  103200.00	  
600297	  广汇汽车	  600297	  广汇汽车	  2000-11-16	  715052.09	  239177.71	  
600298	  安琪酵母	  600298	  安琪酵母	  2000-08-18	  82408.09	  82408.09	  
600299	  安迪苏	  600299	  安迪苏	  2000-04-20	  268190.13	  57455.94	  
600300	  维维股份	  600300	  维维股份	  2000-06-30	  167200.00	  167200.00	  
600301	  ST南化	  600301	  ST南化	  2000-07-12	  23514.81	  23514.81	  
600302	  标准股份	  600302	  标准股份	  2000-12-13	  34600.98	  34600.98	  
600303	  曙光股份	  600303	  曙光股份	  2000-12-26	  67560.42	  62032.43	  
600305	  恒顺醋业	  600305	  恒顺醋业	  2001-02-06	  60273.80	  60273.80	  
600306	  商业城	  600306	  商业城	  2000-12-26	  17813.89	  17740.57	  
600307	  酒钢宏兴	  600307	  酒钢宏兴	  2000-12-20	  626335.74	  626335.74	  
600308	  华泰股份	  600308	  华泰股份	  2000-09-28	  116756.14	  116756.14	  
600309	  万华化学	  600309	  万华化学	  2000-01-05	  273401.28	  259480.17	  
600310	  桂东电力	  600310	  桂东电力	  2001-02-28	  82777.50	  82777.50	  
600311	  荣华实业	  600311	  荣华实业	  2001-06-26	  66560.00	  66560.00	  
600312	  平高电气	  600312	  平高电气	  2001-02-21	  135692.13	  113748.56	  
600313	  农发种业	  600313	  农发种业	  2001-01-19	  108219.87	  99359.65	  
600315	  上海家化	  600315	  上海家化	  2001-03-15	  67341.65	  67124.85	  
600316	  洪都航空	  600316	  洪都航空	  2000-12-15	  71711.45	  71711.45	  
600317	  营口港	  600317	  营口港	  2002-01-31	  647298.30	  647298.30	  
600318	  新力金融	  600318	  新力金融	  2000-12-08	  48400.00	  48400.00	  
600319	  亚星化学	  600319	  亚星化学	  2001-03-26	  31559.40	  31559.40	  
600320	  振华重工	  600320	  振华重工	  2000-12-21	  439029.46	  439029.46	  
600321	  正源股份	  600321	  正源股份	  2001-05-24	  151055.00	  118088.00	  
600322	  天房发展	  600322	  天房发展	  2001-09-10	  110570.00	  110570.00	  
600323	  瀚蓝环境	  600323	  瀚蓝环境	  2000-12-25	  76626.40	  62871.00	  
600325	  华发股份	  600325	  华发股份	  2004-02-25	  211831.31	  191420.21	  
600326	  西藏天路	  600326	  西藏天路	  2001-01-16	  86538.45	  86538.45	  
600327	  大东方	  600327	  大东方	  2002-06-25	  56716.64	  56716.64	  
600328	  兰太实业	  600328	  兰太实业	  2000-12-22	  43803.11	  43803.11	  
600329	  中新药业	  600329	  中新药业	  2001-06-06	  76887.31	  76576.81	  
600330	  天通股份	  600330	  天通股份	  2001-01-18	  83047.14	  81997.14	  
600331	  宏达股份	  600331	  宏达股份	  2001-12-20	  203200.00	  203200.00	  
600332	  白云山	  600332	  白云山	  2001-02-06	  162579.09	  129107.93	  
600333	  长春燃气	  600333	  长春燃气	  2000-12-11	  60903.07	  52961.98	  
600335	  国机汽车	  600335	  国机汽车	  2001-03-05	  102973.68	  102973.68	  
600336	  澳柯玛	  600336	  澳柯玛	  2000-12-29	  77675.33	  68007.20	  
600337	  美克家居	  600337	  美克家居	  2000-11-27	  180610.08	  148340.85	  
600338	  西藏珠峰	  600338	  西藏珠峰	  2000-12-27	  65300.73	  15833.33	  
600339	  中油工程	  600339	  中油工程	  2000-12-25	  558314.75	  57815.47	  
600340	  华夏幸福	  600340	  华夏幸福	  2003-12-30	  295494.67	  295494.67	  
600343	  航天动力	  600343	  航天动力	  2003-04-08	  63820.63	  63820.63	  
600345	  长江通信	  600345	  长江通信	  2000-12-22	  19800.00	  19800.00	  
600346	  恒力股份	  600346	  恒力股份	  2001-08-20	  282568.69	  91935.91	  
600348	  阳泉煤业	  600348	  阳泉煤业	  2003-08-21	  240500.00	  240500.00	  
600350	  山东高速	  600350	  山东高速	  2002-03-18	  481116.59	  481116.59	  
600351	  亚宝药业	  600351	  亚宝药业	  2002-09-26	  78704.15	  69200.00	  
600352	  浙江龙盛	  600352	  浙江龙盛	  2003-08-01	  325333.19	  305993.19	  
600353	  旭光股份	  600353	  旭光股份	  2002-11-20	  54372.00	  54372.00	  
600354	  敦煌种业	  600354	  敦煌种业	  2004-01-15	  52780.21	  44780.21	  
600355	  精伦电子	  600355	  精伦电子	  2002-06-13	  49208.92	  49208.92	  
600356	  恒丰纸业	  600356	  恒丰纸业	  2001-04-19	  29873.14	  29873.14	  
600358	  国旅联合	  600358	  国旅联合	  2000-09-22	  50493.67	  43200.00	  
600359	  新农开发	  600359	  新农开发	  1999-04-29	  38151.28	  38151.28	  
600360	  华微电子	  600360	  华微电子	  2001-03-16	  73827.80	  73827.80	  
600361	  华联综超	  600361	  华联综超	  2001-11-29	  66580.79	  66580.79	  
600362	  江西铜业	  600362	  江西铜业	  2002-01-11	  346272.94	  346272.94	  
600363	  联创光电	  600363	  联创光电	  2001-03-29	  44347.68	  44347.68	  
600365	  通葡股份	  600365	  通葡股份	  2001-01-15	  40000.00	  40000.00	  
600366	  宁波韵升	  600366	  宁波韵升	  2000-10-30	  55748.69	  52898.70	  
600367	  红星发展	  600367	  红星发展	  2001-03-20	  29120.00	  29120.00	  
600368	  五洲交通	  600368	  五洲交通	  2000-12-21	  83380.15	  83380.15	  
600369	  西南证券	  600369	  西南证券	  2001-01-09	  564510.91	  564510.91	  
600370	  三房巷	  600370	  三房巷	  2003-03-06	  79724.42	  79724.42	  
600371	  万向德农	  600371	  万向德农	  2002-09-16	  22506.00	  22506.00	  
600372	  中航电子	  600372	  中航电子	  2001-07-06	  175916.29	  175916.29	  
600373	  中文传媒	  600373	  中文传媒	  2002-03-04	  137794.00	  128207.20	  
600375	  华菱星马	  600375	  华菱星马	  2003-04-01	  55574.06	  55574.06	  
600376	  首开股份	  600376	  首开股份	  2001-03-12	  257956.52	  254581.00	  
600377	  宁沪高速	  600377	  宁沪高速	  2001-01-16	  503774.75	  501998.14	  
600378	  天科股份	  600378	  天科股份	  2001-01-11	  29719.33	  29719.33	  
600379	  宝光股份	  600379	  宝光股份	  2002-01-16	  23585.83	  23585.83	  
600380	  健康元	  600380	  健康元	  2001-06-08	  157377.83	  156222.53	  
600381	  青海春天	  600381	  青海春天	  2001-05-08	  63075.40	  21191.07	  
600382	  广东明珠	  600382	  广东明珠	  2001-01-18	  46682.47	  34174.66	  
600383	  金地集团	  600383	  金地集团	  2001-04-12	  451363.18	  451363.18	  
600385	  山东金泰	  600385	  山东金泰	  2001-07-23	  14810.71	  14277.38	  
600386	  北巴传媒	  600386	  北巴传媒	  2001-02-16	  80640.00	  80640.00	  
600387	  海越股份	  600387	  海越股份	  2004-02-18	  38610.00	  38571.00	  
600388	  龙净环保	  600388	  龙净环保	  2000-12-29	  106905.00	  106905.00	  
600389	  江山股份	  600389	  江山股份	  2001-01-10	  29700.00	  29700.00	  
600390	  五矿资本	  600390	  五矿资本	  2001-01-15	  374838.79	  45125.64	  
600391	  航发科技	  600391	  航发科技	  2001-12-12	  33012.94	  33012.94	  
600392	  盛和资源	  600392	  盛和资源	  2003-05-29	  135012.85	  94103.94	  
600393	  粤泰股份	  600393	  粤泰股份	  2001-03-19	  253624.79	  98820.56	  
600395	  盘江股份	  600395	  盘江股份	  2001-05-31	  165505.19	  165505.19	  
600396	  金山股份	  600396	  金山股份	  2001-03-28	  147270.68	  116464.52	  
600397	  安源煤业	  600397	  安源煤业	  2002-07-02	  98995.99	  98995.99	  
600398	  海澜之家	  600398	  海澜之家	  2000-12-28	  449275.79	  449275.79	  
600399	  抚顺特钢	  600399	  抚顺特钢	  2000-12-29	  130000.00	  112962.28	  
600400	  红豆股份	  600400	  红豆股份	  2001-01-08	  180946.92	  144992.08	  
600401	  *ST海润	  600401	  *ST海润	  2003-09-24	  472493.52	  472493.52	  
600403	  *ST大有	  600403	  *ST大有	  2003-10-09	  239081.24	  239081.24	  
600405	  动力源	  600405	  动力源	  2004-04-01	  56260.04	  55327.54	  
600406	  国电南瑞	  600406	  国电南瑞	  2003-10-16	  242895.34	  220575.36	  
600408	  安泰集团	  600408	  安泰集团	  2003-02-12	  100680.00	  100680.00	  
600409	  三友化工	  600409	  三友化工	  2003-06-18	  206434.94	  185038.55	  
600410	  华胜天成	  600410	  华胜天成	  2004-04-27	  110284.06	  110104.44	  
600415	  小商品城	  600415	  小商品城	  2002-05-09	  544321.42	  544321.42	  
600416	  湘电股份	  600416	  湘电股份	  2002-07-18	  94583.43	  84096.54	  
600418	  江淮汽车	  600418	  江淮汽车	  2001-08-24	  189331.21	  144743.72	  
600419	  天润乳业	  600419	  天润乳业	  2001-06-28	  10355.72	  8949.90	  
600420	  现代制药	  600420	  现代制药	  2004-06-16	  111045.89	  57546.68	  
600421	  仰帆控股	  600421	  仰帆控股	  2004-06-07	  19560.00	  19560.00	  
600422	  昆药集团	  600422	  昆药集团	  2000-12-06	  78868.86	  68226.04	  
600423	  *ST柳化	  600423	  *ST柳化	  2003-07-17	  39934.75	  39934.75	  
600425	  *ST青松	  600425	  *ST青松	  2003-07-24	  137879.01	  137879.01	  
600426	  华鲁恒升	  600426	  华鲁恒升	  2002-06-20	  162048.19	  161162.63	  
600428	  中远海特	  600428	  中远海特	  2002-04-18	  214665.08	  169044.64	  
600429	  三元股份	  600429	  三元股份	  2003-09-15	  149755.74	  88500.00	  
600433	  冠豪高新	  600433	  冠豪高新	  2003-06-19	  127131.54	  119028.00	  
600435	  北方导航	  600435	  北方导航	  2003-07-04	  148932.00	  148932.00	  
600436	  片仔癀	  600436	  片仔癀	  2003-06-16	  60331.72	  60331.72	  
600438	  通威股份	  600438	  通威股份	  2004-03-02	  388237.22	  228414.25	  
600439	  瑞贝卡	  600439	  瑞贝卡	  2003-07-10	  113198.54	  113198.54	  
600444	  国机通用	  600444	  国机通用	  2004-02-19	  14642.19	  10500.00	  
600446	  金证股份	  600446	  金证股份	  2003-12-24	  83500.95	  80140.95	  
600448	  华纺股份	  600448	  华纺股份	  2001-09-03	  42236.41	  42236.41	  
600449	  宁夏建材	  600449	  宁夏建材	  2003-08-29	  47818.10	  47818.10	  
600452	  涪陵电力	  600452	  涪陵电力	  2004-03-03	  16000.00	  16000.00	  
600455	  博通股份	  600455	  博通股份	  2004-03-29	  6245.80	  4971.78	  
600456	  宝钛股份	  600456	  宝钛股份	  2002-04-12	  43026.57	  43026.57	  
600458	  时代新材	  600458	  时代新材	  2002-12-19	  80279.82	  66142.21	  
600459	  贵研铂业	  600459	  贵研铂业	  2003-05-16	  26097.77	  26097.77	  
600460	  士兰微	  600460	  士兰微	  2003-03-11	  124716.80	  124716.80	  
600461	  洪城水业	  600461	  洪城水业	  2004-06-01	  78959.36	  59400.00	  
600462	  九有股份	  600462	  九有股份	  2003-09-03	  53378.00	  53378.00	  
600463	  空港股份	  600463	  空港股份	  2004-03-18	  30000.00	  25200.00	  
600466	  蓝光发展	  600466	  蓝光发展	  2001-02-12	  213429.71	  88255.41	  
600467	  好当家	  600467	  好当家	  2004-04-05	  146099.43	  146099.43	  
600468	  百利电气	  600468	  百利电气	  2001-06-15	  81111.35	  79843.10	  
600469	  风神股份	  600469	  风神股份	  2003-10-21	  56241.32	  56241.32	  
600470	  六国化工	  600470	  六国化工	  2004-03-05	  52160.00	  52160.00	  
600475	  华光股份	  600475	  华光股份	  2003-07-21	  55939.22	  14049.55	  
600476	  湘邮科技	  600476	  湘邮科技	  2003-12-10	  16107.00	  16107.00	  
600477	  杭萧钢构	  600477	  杭萧钢构	  2003-11-10	  137442.06	  126000.12	  
600478	  科力远	  600478	  科力远	  2003-09-18	  139107.03	  127503.50	  
600479	  千金药业	  600479	  千金药业	  2004-03-12	  34875.59	  30481.92	  
600480	  凌云股份	  600480	  凌云股份	  2003-08-15	  45507.10	  36171.48	  
600481	  双良节能	  600481	  双良节能	  2003-04-22	  162049.58	  162049.58	  
600482	  中国动力	  600482	  中国动力	  2004-07-14	  173919.09	  90890.35	  
600483	  福能股份	  600483	  福能股份	  2004-05-31	  155182.56	  125834.73	  
600485	  信威集团	  600485	  信威集团	  2003-08-07	  292374.28	  163144.32	  
600486	  扬农化工	  600486	  扬农化工	  2002-04-25	  30989.89	  30989.89	  
600487	  亨通光电	  600487	  亨通光电	  2003-08-22	  135977.56	  124126.91	  
600488	  天药股份	  600488	  天药股份	  2001-06-18	  109188.67	  96085.50	  
600489	  中金黄金	  600489	  中金黄金	  2003-08-14	  345113.72	  345113.72	  
600490	  鹏欣资源	  600490	  鹏欣资源	  2003-06-26	  189136.69	  147900.00	  
600491	  龙元建设	  600491	  龙元建设	  2004-05-24	  126210.00	  94760.00	  
600493	  凤竹纺织	  600493	  凤竹纺织	  2004-04-21	  27200.00	  27200.00	  
600495	  晋西车轴	  600495	  晋西车轴	  2004-05-26	  120819.09	  120819.09	  
600496	  精工钢构	  600496	  精工钢构	  2002-06-05	  151044.52	  151044.52	  
600497	  驰宏锌锗	  600497	  驰宏锌锗	  2004-04-20	  430989.82	  430989.82	  
600498	  烽火通信	  600498	  烽火通信	  2001-08-23	  111424.73	  100938.11	  
600499	  科达洁能	  600499	  科达洁能	  2002-10-10	  141146.43	  141146.43	  
600500	  中化国际	  600500	  中化国际	  2000-03-01	  208301.27	  208301.27	  
600501	  航天晨光	  600501	  航天晨光	  2001-06-15	  42128.36	  40688.36	  
600502	  安徽水利	  600502	  安徽水利	  2003-04-15	  143430.02	  75894.17	  
600503	  华丽家族	  600503	  华丽家族	  2002-07-09	  160229.00	  160229.00	  
600505	  西昌电力	  600505	  西昌电力	  2002-05-30	  36456.75	  36456.75	  
600506	  香梨股份	  600506	  香梨股份	  2001-12-26	  14770.69	  14770.69	  
600507	  方大特钢	  600507	  方大特钢	  2003-09-30	  132609.30	  132609.30	  
600508	  上海能源	  600508	  上海能源	  2001-08-29	  72271.80	  72271.80	  
600509	  天富能源	  600509	  天富能源	  2002-02-28	  90569.66	  90569.66	  
600510	  黑牡丹	  600510	  黑牡丹	  2002-06-18	  104709.50	  79552.27	  
600511	  国药股份	  600511	  国药股份	  2002-11-27	  76693.37	  27764.34	  
600512	  腾达建设	  600512	  腾达建设	  2002-12-26	  159890.28	  149016.76	  
600513	  联环药业	  600513	  联环药业	  2003-03-19	  28545.63	  28545.63	  
600515	  海航基础	  600515	  海航基础	  2002-08-06	  390759.25	  165829.54	  
600516	  方大炭素	  600516	  方大炭素	  2002-08-30	  178879.44	  171916.04	  
600517	  置信电气	  600517	  置信电气	  2003-10-10	  135616.78	  124452.23	  
600518	  康美药业	  600518	  康美药业	  2001-03-19	  494674.37	  440319.20	  
600519	  贵州茅台	  600519	  贵州茅台	  2001-08-27	  125619.78	  125619.78	  
600520	  中发科技	  600520	  中发科技	  2002-01-08	  15843.00	  15843.00	  
600521	  华海药业	  600521	  华海药业	  2003-03-04	  104249.03	  102697.27	  
600522	  中天科技	  600522	  中天科技	  2002-10-24	  306607.25	  227584.41	  
600523	  贵航股份	  600523	  贵航股份	  2001-12-27	  28879.38	  28860.33	  
600525	  长园集团	  600525	  长园集团	  2002-12-02	  131731.14	  124557.43	  
600526	  菲达环保	  600526	  菲达环保	  2002-07-22	  54740.47	  40688.95	  
600527	  江南高纤	  600527	  江南高纤	  2003-11-27	  80208.94	  80208.94	  
600528	  中铁工业	  600528	  中铁工业	  2001-05-28	  222155.16	  145920.00	  
600529	  山东药玻	  600529	  山东药玻	  2002-06-03	  30355.50	  25738.01	  
600530	  交大昂立	  600530	  交大昂立	  2001-07-02	  78000.00	  78000.00	  
600531	  豫光金铅	  600531	  豫光金铅	  2002-07-30	  109024.26	  88575.23	  
600532	  宏达矿业	  600532	  宏达矿业	  2002-10-31	  51606.57	  39623.44	  
600533	  栖霞建设	  600533	  栖霞建设	  2002-03-28	  105000.00	  105000.00	  
600535	  天士力	  600535	  天士力	  2002-08-23	  108047.59	  103284.27	  
600536	  中国软件	  600536	  中国软件	  2002-05-17	  49456.28	  49456.28	  
600537	  亿晶光电	  600537	  亿晶光电	  2003-01-23	  117635.93	  117635.93	  
600538	  国发股份	  600538	  国发股份	  2003-01-14	  46440.12	  46440.12	  
600539	  狮头股份	  600539	  狮头股份	  2001-08-24	  23000.00	  23000.00	  
600540	  *ST新赛	  600540	  *ST新赛	  2004-01-07	  47092.33	  46312.33	  
600543	  莫高股份	  600543	  莫高股份	  2004-03-24	  32112.00	  32112.00	  
600545	  新疆城建	  600545	  新疆城建	  2003-12-03	  189541.30	  67578.58	  
600546	  山煤国际	  600546	  山煤国际	  2003-07-31	  198245.61	  198245.61	  
600547	  山东黄金	  600547	  山东黄金	  2003-08-28	  185711.88	  145150.07	  
600548	  深高速	  600548	  深高速	  2001-12-25	  218077.03	  218077.03	  
600549	  厦门钨业	  600549	  厦门钨业	  2002-11-07	  108662.87	  88657.40	  
600550	  保变电气	  600550	  保变电气	  2001-02-28	  153460.71	  137299.09	  
600551	  时代出版	  600551	  时代出版	  2002-09-05	  50582.53	  50582.53	  
600552	  凯盛科技	  600552	  凯盛科技	  2002-11-08	  76704.96	  74089.40	  
600555	  海航创新	  600555	  海航创新	  2001-03-28	  130350.00	  130350.00	  
600556	  ST慧球	  600556	  ST慧球	  2001-08-07	  39479.37	  39479.37	  
600557	  康缘药业	  600557	  康缘药业	  2002-09-18	  61644.91	  59853.12	  
600558	  大西洋	  600558	  大西洋	  2001-02-27	  89760.48	  89760.48	  
600559	  老白干酒	  600559	  老白干酒	  2002-10-29	  43806.02	  35000.00	  
600560	  金自天正	  600560	  金自天正	  2002-09-19	  22364.55	  22364.55	  
600561	  江西长运	  600561	  江西长运	  2002-07-16	  23706.40	  23706.40	  
600562	  国睿科技	  600562	  国睿科技	  2003-01-28	  47873.13	  32764.59	  
600563	  法拉电子	  600563	  法拉电子	  2002-12-10	  22500.00	  22500.00	  
600565	  迪马股份	  600565	  迪马股份	  2002-07-23	  242304.30	  236610.93	  
600566	  济川药业	  600566	  济川药业	  2001-08-22	  80962.40	  80962.40	  
600567	  山鹰纸业	  600567	  山鹰纸业	  2001-12-18	  455125.33	  455125.33	  
600568	  中珠医疗	  600568	  中珠医疗	  2001-05-18	  199286.97	  166906.73	  
600569	  安阳钢铁	  600569	  安阳钢铁	  2001-08-20	  239368.45	  239368.45	  
600570	  恒生电子	  600570	  恒生电子	  2003-12-16	  61780.52	  61780.52	  
600571	  信雅达	  600571	  信雅达	  2002-11-01	  43967.92	  42426.21	  
600572	  康恩贝	  600572	  康恩贝	  2004-04-12	  251073.00	  205773.81	  
600573	  惠泉啤酒	  600573	  惠泉啤酒	  2003-02-26	  25000.00	  25000.00	  
600575	  皖江物流	  600575	  皖江物流	  2003-03-28	  388626.11	  312513.21	  
600576	  祥源文化	  600576	  祥源文化	  2003-02-20	  65205.16	  47980.48	  
600577	  精达股份	  600577	  精达股份	  2002-09-11	  195532.42	  195532.42	  
600578	  京能电力	  600578	  京能电力	  2002-05-10	  674673.45	  461732.10	  
600579	  天华院	  600579	  天华院	  2002-08-09	  41063.60	  41063.60	  
600580	  卧龙电气	  600580	  卧龙电气	  2002-06-06	  128889.96	  111052.72	  
600581	  八一钢铁	  600581	  八一钢铁	  2002-08-16	  76644.89	  76644.89	  
600582	  天地科技	  600582	  天地科技	  2002-05-15	  413858.89	  277433.61	  
600583	  海油工程	  600583	  海油工程	  2002-02-05	  442135.48	  442135.48	  
600584	  长电科技	  600584	  长电科技	  2003-06-03	  135984.40	  98457.00	  
600585	  海螺水泥	  600585	  海螺水泥	  2002-02-07	  529930.26	  529930.26	  
600586	  金晶科技	  600586	  金晶科技	  2002-08-15	  145830.21	  143350.28	  
600587	  新华医疗	  600587	  新华医疗	  2002-09-27	  40642.81	  40346.67	  
600588	  用友网络	  600588	  用友网络	  2001-05-18	  146421.78	  144103.96	  
600589	  广东榕泰	  600589	  广东榕泰	  2001-06-12	  70530.58	  62708.54	  
600590	  泰豪科技	  600590	  泰豪科技	  2002-07-03	  66696.06	  52441.40	  
600592	  龙溪股份	  600592	  龙溪股份	  2002-08-05	  39955.36	  39955.36	  
600593	  大连圣亚	  600593	  大连圣亚	  2002-07-11	  9200.00	  9200.00	  
600594	  益佰制药	  600594	  益佰制药	  2004-03-23	  79192.74	  79192.74	  
600595	  中孚实业	  600595	  中孚实业	  2002-06-26	  174154.04	  174154.04	  
600596	  新安股份	  600596	  新安股份	  2001-09-06	  70541.46	  67918.46	  
600597	  光明乳业	  600597	  光明乳业	  2002-08-28	  123063.67	  122430.20	  
600598	  北大荒	  600598	  北大荒	  2002-03-29	  177767.99	  177767.99	  
600599	  熊猫金控	  600599	  熊猫金控	  2001-08-28	  16600.00	  16600.00	  
600600	  青岛啤酒	  600600	  青岛啤酒	  1993-08-27	  135098.28	  135098.28	  
600601	  方正科技	  600601	  方正科技	  1990-12-19	  219489.12	  219489.12	  
600602	  云赛智联	  600602	  云赛智联	  1990-12-19	  136767.35	  117294.31	  
600603	  广汇物流	  600603	  广汇物流	  1992-01-13	  87887.48	  27249.87	  
600604	  市北高新	  600604	  市北高新	  1992-03-27	  187330.48	  150838.00	  
600605	  汇通能源	  600605	  汇通能源	  1992-03-27	  14734.46	  14734.46	  
600606	  绿地控股	  600606	  绿地控股	  1992-03-27	  1216815.44	  322336.83	  
600608	  *ST沪科	  600608	  *ST沪科	  1992-03-27	  32886.14	  31837.14	  
600609	  金杯汽车	  600609	  金杯汽车	  1992-07-24	  109266.71	  109266.71	  
600610	  中毅达	  600610	  中毅达	  1992-08-05	  107127.46	  73593.46	  
600611	  大众交通	  600611	  大众交通	  1992-08-07	  236412.29	  236412.29	  
600612	  老凤祥	  600612	  老凤祥	  1992-08-14	  52311.78	  52311.78	  
600613	  神奇制药	  600613	  神奇制药	  1992-08-20	  53407.16	  53407.16	  
600614	  鹏起科技	  600614	  鹏起科技	  1992-08-28	  175277.38	  153215.67	  
600615	  丰华股份	  600615	  丰华股份	  1992-09-10	  18802.05	  18762.45	  
600616	  金枫酒业	  600616	  金枫酒业	  1992-09-29	  51461.92	  51461.92	  
600617	  国新能源	  600617	  国新能源	  1992-10-13	  108466.37	  100816.37	  
600618	  氯碱化工	  600618	  氯碱化工	  1992-11-13	  115640.00	  115640.00	  
600619	  海立股份	  600619	  海立股份	  1992-11-13	  86631.07	  74474.02	  
600620	  天宸股份	  600620	  天宸股份	  1992-11-17	  68667.71	  68667.71	  
600621	  华鑫股份	  600621	  华鑫股份	  1992-12-02	  106089.93	  52408.24	  
600622	  光大嘉宝	  600622	  光大嘉宝	  1992-12-03	  88738.78	  66859.49	  
600623	  华谊集团	  600623	  华谊集团	  1992-12-04	  211743.09	  117664.59	  
600624	  复旦复华	  600624	  复旦复华	  1993-01-05	  68471.20	  68471.20	  
600626	  申达股份	  600626	  申达股份	  1993-01-07	  71024.28	  71024.28	  
600628	  新世界	  600628	  新世界	  1993-01-09	  64687.54	  53179.93	  
600629	  华建集团	  600629	  华建集团	  1993-02-09	  43220.81	  34799.98	  
600630	  龙头股份	  600630	  龙头股份	  1993-02-09	  42486.16	  42486.16	  
600633	  浙数文化	  600633	  浙数文化	  1993-03-04	  130192.40	  118828.76	  
600634	  富控互动	  600634	  富控互动	  1993-03-04	  57573.21	  57573.21	  
600635	  大众公用	  600635	  大众公用	  1993-03-04	  295243.47	  295243.47	  
600636	  *ST爱富	  600636	  *ST爱富	  1993-03-16	  44694.19	  42613.17	  
600637	  东方明珠	  600637	  东方明珠	  1993-03-16	  264173.52	  217989.83	  
600638	  新黄浦	  600638	  新黄浦	  1993-03-26	  56116.40	  56116.40	  
600639	  浦东金桥	  600639	  浦东金桥	  1993-03-26	  112241.29	  97534.25	  
600640	  号百控股	  600640	  号百控股	  1993-04-07	  79569.59	  53536.45	  
600641	  万业企业	  600641	  万业企业	  1993-04-07	  80615.87	  80615.87	  
600642	  申能股份	  600642	  申能股份	  1993-04-16	  455203.83	  455203.83	  
600643	  爱建集团	  600643	  爱建集团	  1993-04-26	  143713.98	  143402.79	  
600644	  乐山电力	  600644	  乐山电力	  1993-04-26	  53840.07	  53840.07	  
600645	  中源协和	  600645	  中源协和	  1993-05-04	  38608.13	  35446.14	  
600647	  同达创业	  600647	  同达创业	  1993-05-04	  13914.36	  13914.36	  
600648	  外高桥	  600648	  外高桥	  1993-05-04	  113534.91	  113534.91	  
600649	  城投控股	  600649	  城投控股	  1993-05-18	  252957.56	  242079.22	  
600650	  锦江投资	  600650	  锦江投资	  1993-06-07	  55161.01	  55161.01	  
600651	  飞乐音响	  600651	  飞乐音响	  1986-09-26	  99158.40	  76862.19	  
600652	  游久游戏	  600652	  游久游戏	  1990-12-19	  83270.35	  67478.70	  
600653	  申华控股	  600653	  申华控股	  1990-12-19	  194638.03	  174638.03	  
600654	  *ST中安	  600654	  *ST中安	  1990-12-19	  128302.10	  75504.32	  
600655	  豫园股份	  600655	  豫园股份	  1992-09-02	  143732.20	  143732.20	  
600657	  信达地产	  600657	  信达地产	  1993-05-24	  152426.04	  152426.04	  
600658	  电子城	  600658	  电子城	  1993-05-24	  79898.93	  79898.93	  
600660	  福耀玻璃	  600660	  福耀玻璃	  1993-06-10	  250861.75	  250861.75	  
600661	  新南洋	  600661	  新南洋	  1993-06-14	  28654.88	  25907.65	  
600662	  强生控股	  600662	  强生控股	  1993-06-14	  105336.22	  105336.22	  
600663	  陆家嘴	  600663	  陆家嘴	  1993-06-28	  336183.12	  336183.12	  
600664	  哈药股份	  600664	  哈药股份	  1993-06-29	  255043.83	  249272.83	  
600665	  天地源	  600665	  天地源	  1993-07-09	  86412.25	  86412.25	  
600666	  奥瑞德	  600666	  奥瑞德	  1993-07-12	  122732.62	  80365.55	  
600667	  太极实业	  600667	  太极实业	  1993-07-28	  210619.02	  119127.43	  
600668	  尖峰集团	  600668	  尖峰集团	  1993-07-28	  34408.38	  34408.38	  
600671	  天目药业	  600671	  天目药业	  1993-08-23	  12177.89	  12172.05	  
600673	  东阳光科	  600673	  东阳光科	  1993-09-17	  246887.39	  245741.62	  
600674	  川投能源	  600674	  川投能源	  1993-09-24	  440214.05	  440214.05	  
600675	  中华企业	  600675	  中华企业	  1993-09-24	  186705.94	  186705.94	  
600676	  交运股份	  600676	  交运股份	  1993-09-28	  102849.29	  86237.39	  
600677	  航天通信	  600677	  航天通信	  1993-09-28	  52179.17	  41642.81	  
600678	  四川金顶	  600678	  四川金顶	  1993-10-08	  34899.00	  34899.00	  
600679	  上海凤凰	  600679	  上海凤凰	  1993-10-08	  40219.89	  35823.96	  
600680	  *ST上普	  600680	  *ST上普	  1993-10-18	  38222.53	  38222.53	  
600681	  百川能源	  600681	  百川能源	  1993-10-18	  96415.75	  32740.59	  
600682	  南京新百	  600682	  南京新百	  1993-10-18	  111197.45	  72583.89	  
600683	  京投发展	  600683	  京投发展	  1993-10-25	  74077.76	  74077.76	  
600684	  珠江实业	  600684	  珠江实业	  1993-10-28	  85346.07	  85346.07	  
600685	  中船防务	  600685	  中船防务	  1993-10-28	  141350.64	  114140.71	  
600686	  金龙汽车	  600686	  金龙汽车	  1993-11-08	  60673.85	  44259.71	  
600687	  刚泰控股	  600687	  刚泰控股	  1993-11-08	  148871.53	  107853.94	  
600688	  上海石化	  600688	  上海石化	  1993-11-08	  1081417.66	  1081417.66	  
600689	  上海三毛	  600689	  上海三毛	  1993-11-08	  20099.13	  20099.13	  
600690	  青岛海尔	  600690	  青岛海尔	  1993-11-19	  609740.27	  609740.27	  
600691	  阳煤化工	  600691	  阳煤化工	  1993-11-19	  175678.69	  175639.09	  
600692	  亚通股份	  600692	  亚通股份	  1993-11-19	  35176.41	  25501.05	  
600693	  东百集团	  600693	  东百集团	  1993-11-22	  89822.91	  68546.36	  
600694	  大商股份	  600694	  大商股份	  1993-11-22	  29371.87	  29371.87	  
600695	  绿庭投资	  600695	  绿庭投资	  1993-11-22	  71113.21	  71113.21	  
600696	  *ST匹凸	  600696	  *ST匹凸	  1993-12-06	  34056.56	  34056.56	  
600697	  欧亚集团	  600697	  欧亚集团	  1993-12-06	  15908.81	  15515.60	  
600698	  湖南天雁	  600698	  湖南天雁	  1993-12-06	  97181.74	  96690.09	  
600699	  均胜电子	  600699	  均胜电子	  1993-12-06	  94928.90	  68936.98	  
600701	  工大高新	  600701	  工大高新	  1996-05-28	  103473.52	  77587.85	  
600702	  沱牌舍得	  600702	  沱牌舍得	  1996-05-24	  33730.00	  33730.00	  
600703	  三安光电	  600703	  三安光电	  1996-05-28	  407842.49	  407842.49	  
600704	  物产中大	  600704	  物产中大	  1996-06-06	  430668.24	  133769.54	  
600705	  中航资本	  600705	  中航资本	  1996-05-16	  897632.58	  761855.11	  
600706	  曲江文旅	  600706	  曲江文旅	  1996-05-16	  17950.97	  17790.87	  
600707	  彩虹股份	  600707	  彩虹股份	  1996-05-20	  358838.97	  73603.77	  
600708	  光明地产	  600708	  光明地产	  1996-06-06	  171433.60	  98889.03	  
600710	  ST常林	  600710	  ST常林	  1996-07-01	  130674.94	  64028.40	  
600711	  盛屯矿业	  600711	  盛屯矿业	  1996-05-31	  149705.23	  149705.23	  
600712	  南宁百货	  600712	  南宁百货	  1996-06-26	  54465.54	  53795.95	  
600713	  南京医药	  600713	  南京医药	  1996-07-01	  89742.56	  69358.07	  
600714	  金瑞矿业	  600714	  金瑞矿业	  1996-06-06	  28817.63	  28510.79	  
600715	  文投控股	  600715	  文投控股	  1996-07-01	  185485.35	  44851.20	  
600716	  凤凰股份	  600716	  凤凰股份	  1996-07-02	  93606.06	  91022.08	  
600717	  天津港	  600717	  天津港	  1996-06-14	  167476.91	  167476.91	  
600718	  东软集团	  600718	  东软集团	  1996-06-18	  124319.77	  123247.36	  
600719	  大连热电	  600719	  大连热电	  1996-07-16	  40459.96	  40459.96	  
600720	  祁连山	  600720	  祁连山	  1996-07-16	  77629.03	  77616.27	  
600721	  百花村	  600721	  百花村	  1996-06-26	  40038.64	  30255.26	  
600722	  金牛化工	  600722	  金牛化工	  1996-06-26	  68031.97	  68031.97	  
600723	  首商股份	  600723	  首商股份	  1996-07-16	  65840.76	  65806.96	  
600724	  宁波富达	  600724	  宁波富达	  1996-07-16	  144524.11	  144494.27	  
600725	  ST云维	  600725	  ST云维	  1996-07-02	  123247.00	  123247.00	  
600726	  华电能源	  600726	  华电能源	  1996-07-01	  196667.52	  196667.52	  
600727	  鲁北化工	  600727	  鲁北化工	  1996-07-02	  35098.66	  35092.66	  
600728	  佳都科技	  600728	  佳都科技	  1996-07-16	  161733.99	  132877.90	  
600729	  重庆百货	  600729	  重庆百货	  1996-07-02	  40652.85	  40642.65	  
600730	  中国高科	  600730	  中国高科	  1996-07-26	  58665.60	  58665.60	  
600731	  湖南海利	  600731	  湖南海利	  1996-08-02	  32731.41	  32665.31	  
600732	  ST新梅	  600732	  ST新梅	  1996-08-16	  44638.31	  44638.31	  
600733	  S*ST前锋	  600733	  S*ST前锋	  1996-08-16	  19758.60	  7560.00	  
600734	  实达集团	  600734	  实达集团	  1996-08-08	  62351.58	  35110.84	  
600735	  新华锦	  600735	  新华锦	  1996-07-26	  37599.23	  37599.23	  
600736	  苏州高新	  600736	  苏州高新	  1996-08-15	  119429.29	  113895.09	  
600737	  中粮糖业	  600737	  中粮糖业	  1996-07-31	  205187.62	  205187.62	  
600738	  兰州民百	  600738	  兰州民百	  1996-08-02	  78309.54	  36819.86	  
600739	  辽宁成大	  600739	  辽宁成大	  1996-08-19	  152970.98	  136470.98	  
600740	  山西焦化	  600740	  山西焦化	  1996-08-08	  76570.00	  65683.28	  
600741	  华域汽车	  600741	  华域汽车	  1996-08-26	  315272.40	  286650.91	  
600742	  一汽富维	  600742	  一汽富维	  1996-08-26	  42304.68	  42304.68	  
600743	  华远地产	  600743	  华远地产	  1996-09-09	  234610.09	  234610.09	  
600744	  华银电力	  600744	  华银电力	  1996-09-05	  178112.43	  82763.44	  
600745	  闻泰科技	  600745	  闻泰科技	  1996-08-28	  48332.04	  48332.04	  
600746	  江苏索普	  600746	  江苏索普	  1996-09-18	  30642.15	  30466.09	  
600747	  *ST大控	  600747	  *ST大控	  1996-09-16	  146432.84	  106432.84	  
600748	  上实发展	  600748	  上实发展	  1996-09-25	  184456.29	  140838.21	  
600749	  西藏旅游	  600749	  西藏旅游	  1996-10-15	  18913.79	  18913.79	  
600750	  江中药业	  600750	  江中药业	  1996-09-23	  30000.00	  30000.00	  
600751	  天海投资	  600751	  天海投资	  1996-09-09	  289933.78	  229733.11	  
600753	  东方银星	  600753	  东方银星	  1996-09-27	  12800.00	  12800.00	  
600754	  锦江股份	  600754	  锦江股份	  1996-10-11	  95793.64	  60324.07	  
600755	  厦门国贸	  600755	  厦门国贸	  1996-10-03	  177648.00	  177648.00	  
600756	  浪潮软件	  600756	  浪潮软件	  1996-09-23	  32409.88	  32409.88	  
600757	  长江传媒	  600757	  长江传媒	  1996-10-03	  121365.03	  121349.71	  
600758	  红阳能源	  600758	  红阳能源	  1996-10-29	  133140.89	  56339.52	  
600759	  洲际油气	  600759	  洲际油气	  1996-10-08	  226350.75	  158082.93	  
600760	  中航黑豹	  600760	  中航黑豹	  1996-10-11	  34494.51	  34494.51	  
600761	  安徽合力	  600761	  安徽合力	  1996-10-09	  74018.08	  74018.08	  
600763	  通策医疗	  600763	  通策医疗	  1996-10-30	  32064.00	  32064.00	  
600764	  中电广通	  600764	  中电广通	  1996-11-04	  39576.75	  32972.70	  
600765	  中航重机	  600765	  中航重机	  1996-11-06	  77800.32	  77800.32	  
600766	  园城黄金	  600766	  园城黄金	  1996-10-28	  22422.68	  22393.21	  
600767	  *ST运盛	  600767	  *ST运盛	  1996-11-15	  34101.02	  34091.02	  
600768	  宁波富邦	  600768	  宁波富邦	  1996-11-11	  13374.72	  13374.72	  
600769	  祥龙电业	  600769	  祥龙电业	  1996-11-01	  37497.72	  37497.72	  
600770	  综艺股份	  600770	  综艺股份	  1996-11-20	  130000.00	  130000.00	  
600771	  广誉远	  600771	  广誉远	  1996-11-05	  35311.13	  24380.84	  
600773	  西藏城投	  600773	  西藏城投	  1996-11-08	  72921.37	  72921.37	  
600774	  汉商集团	  600774	  汉商集团	  1996-11-08	  17457.54	  17442.90	  
600775	  南京熊猫	  600775	  南京熊猫	  1996-11-18	  91383.85	  91383.85	  
600776	  东方通信	  600776	  东方通信	  1996-11-26	  125600.01	  125600.01	  
600777	  新潮能源	  600777	  新潮能源	  1996-11-21	  680049.58	  237660.85	  
600778	  友好集团	  600778	  友好集团	  1996-12-03	  31149.14	  31108.67	  
600779	  水井坊	  600779	  水井坊	  1996-12-06	  48854.57	  48854.57	  
600780	  通宝能源	  600780	  通宝能源	  1996-12-05	  114650.25	  114650.25	  
600781	  辅仁药业	  600781	  辅仁药业	  1996-12-18	  17759.29	  17759.29	  
600782	  新钢股份	  600782	  新钢股份	  1996-12-25	  278689.62	  278689.62	  
600783	  鲁信创投	  600783	  鲁信创投	  1996-12-25	  74435.93	  74435.93	  
600784	  鲁银投资	  600784	  鲁银投资	  1996-12-25	  56817.78	  56817.78	  
600785	  新华百货	  600785	  新华百货	  1997-01-08	  22563.13	  22563.13	  
600787	  中储股份	  600787	  中储股份	  1997-01-21	  219980.10	  185982.84	  
600789	  鲁抗医药	  600789	  鲁抗医药	  1997-02-26	  58157.55	  58157.55	  
600790	  轻纺城	  600790	  轻纺城	  1997-02-28	  104699.35	  104699.35	  
600791	  京能置业	  600791	  京能置业	  1997-01-30	  45288.00	  45231.37	  
600792	  云煤能源	  600792	  云煤能源	  1997-01-23	  98992.36	  98992.36	  
600793	  宜宾纸业	  600793	  宜宾纸业	  1997-02-20	  10530.00	  10530.00	  
600794	  保税科技	  600794	  保税科技	  1997-03-06	  121215.22	  119157.42	  
600795	  国电电力	  600795	  国电电力	  1997-03-18	  1965039.78	  1965039.78	  
600796	  钱江生化	  600796	  钱江生化	  1997-04-08	  30140.21	  30140.21	  
600797	  浙大网新	  600797	  浙大网新	  1997-04-18	  105598.80	  83074.70	  
600798	  宁波海运	  600798	  宁波海运	  1997-04-23	  103085.09	  103085.09	  
600800	  天津磁卡	  600800	  天津磁卡	  1993-12-06	  61127.10	  61095.60	  
600801	  华新水泥	  600801	  华新水泥	  1994-01-03	  149757.13	  149757.13	  
600802	  福建水泥	  600802	  福建水泥	  1994-01-03	  38187.37	  38187.37	  
600803	  新奥股份	  600803	  新奥股份	  1994-01-03	  98578.50	  98578.50	  
600804	  鹏博士	  600804	  鹏博士	  1994-01-03	  143245.65	  143235.79	  
600805	  悦达投资	  600805	  悦达投资	  1994-01-03	  85089.45	  85027.54	  
600807	  天业股份	  600807	  天业股份	  1994-01-03	  88463.47	  78701.85	  
600808	  马钢股份	  600808	  马钢股份	  1994-01-06	  770068.12	  770068.12	  
600809	  山西汾酒	  600809	  山西汾酒	  1994-01-06	  86584.83	  86584.83	  
600810	  神马股份	  600810	  神马股份	  1994-01-06	  44228.00	  44228.00	  
600811	  东方集团	  600811	  东方集团	  1994-01-06	  371457.61	  327347.33	  
600812	  华北制药	  600812	  华北制药	  1994-01-14	  163080.47	  163080.47	  
600814	  杭州解百	  600814	  杭州解百	  1994-01-14	  71502.68	  71502.68	  
600815	  *ST厦工	  600815	  *ST厦工	  1994-01-28	  95897.00	  95897.00	  
600816	  安信信托	  600816	  安信信托	  1994-01-28	  455761.49	  249760.38	  
600817	  *ST宏盛	  600817	  *ST宏盛	  1994-01-28	  16091.01	  15567.91	  
600818	  中路股份	  600818	  中路股份	  1994-01-28	  32144.79	  32144.79	  
600819	  耀皮玻璃	  600819	  耀皮玻璃	  1994-01-28	  93491.61	  93491.61	  
600820	  隧道股份	  600820	  隧道股份	  1994-01-28	  314409.61	  314409.61	  
600821	  津劝业	  600821	  津劝业	  1994-01-28	  41626.82	  41626.82	  
600822	  上海物贸	  600822	  上海物贸	  1994-02-04	  49597.29	  49597.29	  
600823	  世茂股份	  600823	  世茂股份	  1994-02-04	  375116.83	  375116.83	  
600824	  益民集团	  600824	  益民集团	  1994-02-04	  105402.71	  105402.71	  
600825	  新华传媒	  600825	  新华传媒	  1994-02-04	  104488.79	  104488.79	  
600826	  兰生股份	  600826	  兰生股份	  1994-02-04	  42064.23	  42064.23	  
600827	  百联股份	  600827	  百联股份	  1994-02-04	  178416.81	  172249.58	  
600828	  茂业商业	  600828	  茂业商业	  1994-02-24	  173198.25	  64057.17	  
600829	  人民同泰	  600829	  人民同泰	  1994-02-24	  57988.86	  57988.86	  
600830	  香溢融通	  600830	  香溢融通	  1994-02-24	  45432.27	  45432.27	  
600831	  广电网络	  600831	  广电网络	  1994-02-24	  60496.77	  56343.85	  
600833	  第一医药	  600833	  第一医药	  1994-02-24	  22308.63	  22308.63	  
600834	  申通地铁	  600834	  申通地铁	  1994-02-24	  47738.19	  47738.19	  
600835	  上海机电	  600835	  上海机电	  1994-02-24	  102273.93	  102273.93	  
600836	  界龙实业	  600836	  界龙实业	  1994-02-24	  66275.31	  65302.41	  
600837	  海通证券	  600837	  海通证券	  1994-02-24	  1150170.00	  1150170.00	  
600838	  上海九百	  600838	  上海九百	  1994-02-24	  40088.20	  40088.20	  
600839	  四川长虹	  600839	  四川长虹	  1994-03-11	  461624.42	  461063.43	  
600841	  上柴股份	  600841	  上柴股份	  1994-03-11	  86668.98	  86668.98	  
600843	  上工申贝	  600843	  上工申贝	  1994-03-11	  54858.96	  54858.96	  
600844	  *ST丹科	  600844	  *ST丹科	  1994-03-11	  101652.42	  101652.42	  
600845	  宝信软件	  600845	  宝信软件	  1994-03-11	  78324.92	  75273.19	  
600846	  同济科技	  600846	  同济科技	  1994-03-11	  62476.15	  62476.15	  
600847	  *ST万里	  600847	  *ST万里	  1994-03-24	  15328.74	  15328.74	  
600848	  上海临港	  600848	  上海临港	  1994-03-24	  111991.93	  50669.90	  
600850	  华东电脑	  600850	  华东电脑	  1994-03-24	  42096.05	  42096.05	  
600851	  海欣股份	  600851	  海欣股份	  1994-04-04	  120705.67	  120705.67	  
600853	  龙建股份	  600853	  龙建股份	  1994-04-04	  53680.77	  53680.77	  
600854	  春兰股份	  600854	  春兰股份	  1994-04-25	  51945.85	  51945.85	  
600855	  航天长峰	  600855	  航天长峰	  1994-04-25	  33161.74	  33011.44	  
600856	  中天能源	  600856	  中天能源	  1994-04-25	  136665.44	  77103.04	  
600857	  宁波中百	  600857	  宁波中百	  1994-04-25	  22431.99	  22431.99	  
600858	  银座股份	  600858	  银座股份	  1994-05-06	  52006.66	  51754.80	  
600859	  王府井	  600859	  王府井	  1994-05-06	  77625.04	  60159.85	  
600860	  *ST京城	  600860	  *ST京城	  1994-05-06	  42200.00	  42200.00	  
600861	  北京城乡	  600861	  北京城乡	  1994-05-20	  31680.49	  31680.49	  
600862	  中航高科	  600862	  中航高科	  1994-05-20	  139304.91	  79031.99	  
600863	  内蒙华电	  600863	  内蒙华电	  1994-05-20	  580774.50	  580774.50	  
600864	  哈投股份	  600864	  哈投股份	  1994-08-09	  210851.38	  157831.74	  
600865	  百大集团	  600865	  百大集团	  1994-08-09	  37624.03	  37624.03	  
600866	  星湖科技	  600866	  星湖科技	  1994-08-18	  64539.35	  55039.35	  
600867	  通化东宝	  600867	  通化东宝	  1994-08-24	  171129.65	  164442.41	  
600868	  梅雁吉祥	  600868	  梅雁吉祥	  1994-09-12	  189814.87	  189814.87	  
600869	  智慧能源	  600869	  智慧能源	  1995-02-06	  221935.27	  217819.18	  
600870	  厦华电子	  600870	  厦华电子	  1995-02-28	  52319.97	  52319.97	  
600871	  石化油服	  600871	  石化油服	  1995-04-11	  1414266.10	  491833.33	  
600872	  中炬高新	  600872	  中炬高新	  1995-01-24	  79663.72	  79663.72	  
600873	  梅花生物	  600873	  梅花生物	  1995-02-17	  310822.66	  310822.66	  
600874	  创业环保	  600874	  创业环保	  1995-06-30	  142722.84	  142722.84	  
600875	  东方电气	  600875	  东方电气	  1995-10-10	  233690.04	  233690.04	  
600876	  洛阳玻璃	  600876	  洛阳玻璃	  1995-10-31	  52676.69	  51176.69	  
600877	  *ST嘉陵	  600877	  *ST嘉陵	  1995-10-13	  68728.20	  68728.20	  
600879	  航天电子	  600879	  航天电子	  1995-11-15	  271927.13	  213914.56	  
600880	  博瑞传播	  600880	  博瑞传播	  1995-11-15	  109333.21	  73336.51	  
600881	  亚泰集团	  600881	  亚泰集团	  1995-11-15	  324891.36	  189473.21	  
600882	  广泽股份	  600882	  广泽股份	  1995-12-06	  40853.80	  39923.80	  
600883	  博闻科技	  600883	  博闻科技	  1995-12-08	  23608.80	  23608.80	  
600884	  杉杉股份	  600884	  杉杉股份	  1996-01-30	  112276.50	  82171.65	  
600885	  宏发股份	  600885	  宏发股份	  1996-02-05	  53197.25	  53197.25	  
600886	  国投电力	  600886	  国投电力	  1996-01-18	  678602.33	  678602.33	  
600887	  伊利股份	  600887	  伊利股份	  1996-03-12	  607900.01	  603336.92	  
600888	  新疆众和	  600888	  新疆众和	  1996-02-15	  83359.36	  83359.36	  
600889	  南京化纤	  600889	  南京化纤	  1996-03-08	  30706.93	  30706.93	  
600890	  中房股份	  600890	  中房股份	  1996-03-18	  57919.49	  57919.49	  
600891	  秋林集团	  600891	  秋林集团	  1996-03-25	  61758.58	  38405.51	  
600892	  大晟文化	  600892	  大晟文化	  1996-03-15	  55946.42	  25159.75	  
600893	  航发动力	  600893	  航发动力	  1996-04-08	  224984.45	  194772.66	  
600894	  广日股份	  600894	  广日股份	  1996-03-28	  85994.69	  85994.69	  
600895	  张江高科	  600895	  张江高科	  1996-04-22	  154868.96	  154868.96	  
600896	  览海投资	  600896	  览海投资	  1996-05-03	  86909.91	  57712.83	  
600897	  厦门空港	  600897	  厦门空港	  1996-05-31	  29781.00	  29781.00	  
600898	  国美通讯	  600898	  国美通讯	  1996-04-18	  25252.38	  25252.38	  
600900	  长江电力	  600900	  长江电力	  2003-11-18	  2200000.00	  1150594.15	  
600908	  无锡银行	  600908	  无锡银行	  2016-09-23	  184811.48	  79181.32	  
600909	  华安证券	  600909	  华安证券	  2016-12-06	  362100.00	  80000.00	  
600917	  重庆燃气	  600917	  重庆燃气	  2014-09-30	  155600.00	  155600.00	  
600919	  江苏银行	  600919	  江苏银行	  2016-08-02	  1154445.00	  579484.61	  
600926	  杭州银行	  600926	  杭州银行	  2016-10-27	  366442.89	  146565.74	  
600936	  广西广电	  600936	  广西广电	  2016-08-15	  167102.62	  119598.33	  
600939	  重庆建工	  600939	  重庆建工	  2017-02-21	  181450.00	  18150.00	  
600958	  东方证券	  600958	  东方证券	  2015-03-23	  621545.20	  415323.48	  
600959	  江苏有线	  600959	  江苏有线	  2015-04-28	  388452.98	  139617.84	  
600960	  渤海活塞	  600960	  渤海活塞	  2004-04-07	  95051.55	  52471.94	  
600961	  株冶集团	  600961	  株冶集团	  2004-08-30	  52745.79	  52745.79	  
600962	  国投中鲁	  600962	  国投中鲁	  2004-06-22	  26221.00	  25402.00	  
600963	  岳阳林纸	  600963	  岳阳林纸	  2004-05-25	  139773.31	  104315.91	  
600965	  福成股份	  600965	  福成股份	  2004-07-13	  81870.10	  52800.33	  
600966	  博汇纸业	  600966	  博汇纸业	  2004-06-08	  133684.43	  133684.43	  
600967	  内蒙一机	  600967	  内蒙一机	  2004-05-18	  168963.18	  82282.80	  
600969	  郴电国际	  600969	  郴电国际	  2004-04-08	  26432.18	  26432.18	  
600970	  中材国际	  600970	  中材国际	  2005-04-12	  175425.79	  168321.07	  
600971	  恒源煤电	  600971	  恒源煤电	  2004-08-17	  100000.41	  100000.41	  
600973	  宝胜股份	  600973	  宝胜股份	  2004-08-02	  122211.25	  89504.13	  
600975	  新五丰	  600975	  新五丰	  2004-06-09	  65267.56	  46872.03	  
600976	  健民集团	  600976	  健民集团	  2004-04-19	  15339.86	  15329.86	  
600977	  中国电影	  600977	  中国电影	  2016-08-09	  186700.00	  56500.00	  
600978	  宜华生活	  600978	  宜华生活	  2004-08-24	  148287.00	  148287.00	  
600979	  广安爱众	  600979	  广安爱众	  2004-09-06	  94789.21	  71789.21	  
600980	  北矿科技	  600980	  北矿科技	  2004-05-12	  15220.99	  14332.59	  
600981	  汇鸿集团	  600981	  汇鸿集团	  2004-06-30	  224243.32	  24185.46	  
600982	  宁波热电	  600982	  宁波热电	  2004-07-06	  74693.00	  74693.00	  
600983	  惠而浦	  600983	  惠而浦	  2004-07-27	  76643.90	  53280.00	  
600984	  建设机械	  600984	  建设机械	  2004-07-07	  63676.42	  53882.89	  
600985	  雷鸣科化	  600985	  雷鸣科化	  2004-04-28	  30015.63	  26285.47	  
600986	  科达股份	  600986	  科达股份	  2004-04-26	  95543.59	  49350.19	  
600987	  航民股份	  600987	  航民股份	  2004-08-09	  63531.00	  63531.00	  
600988	  赤峰黄金	  600988	  赤峰黄金	  2004-04-14	  142638.15	  122068.41	  
600990	  四创电子	  600990	  四创电子	  2004-05-10	  15917.91	  13670.20	  
600992	  贵绳股份	  600992	  贵绳股份	  2004-05-14	  24509.00	  24509.00	  
600993	  马应龙	  600993	  马应龙	  2004-05-17	  43105.39	  43023.63	  
600995	  文山电力	  600995	  文山电力	  2004-06-15	  47852.64	  47852.64	  
600996	  贵广网络	  600996	  贵广网络	  -	  104256.84	  21000.00	  
600997	  开滦股份	  600997	  开滦股份	  2004-06-02	  158779.99	  123464.00	  
600998	  九州通	  600998	  九州通	  2010-11-02	  169565.85	  164577.73	  
600999	  招商证券	  600999	  招商证券	  2009-11-17	  669940.93	  588410.07	  
601000	  唐山港	  601000	  唐山港	  2010-07-05	  455840.66	  401588.49	  
601001	  大同煤业	  601001	  大同煤业	  2006-06-23	  167370.00	  167370.00	  
601002	  晋亿实业	  601002	  晋亿实业	  2007-01-26	  79269.00	  79269.00	  
601003	  柳钢股份	  601003	  柳钢股份	  2007-02-27	  256279.32	  256279.32	  
601005	  *ST重钢	  601005	  *ST重钢	  2007-02-28	  443602.26	  443602.26	  
601006	  大秦铁路	  601006	  大秦铁路	  2006-08-01	  1486679.15	  1486679.15	  
601007	  金陵饭店	  601007	  金陵饭店	  2007-04-06	  30000.00	  30000.00	  
601008	  连云港	  601008	  连云港	  2007-04-26	  101521.51	  101521.51	  
601009	  南京银行	  601009	  南京银行	  2007-07-19	  848220.79	  806950.32	  
601010	  文峰股份	  601010	  文峰股份	  2011-06-03	  184800.00	  184800.00	  
601011	  宝泰隆	  601011	  宝泰隆	  2011-03-09	  159138.06	  130874.56	  
601012	  隆基股份	  601012	  隆基股份	  2012-04-11	  199589.08	  196624.32	  
601015	  陕西黑猫	  601015	  陕西黑猫	  2014-11-05	  125368.42	  44400.00	  
601016	  节能风电	  601016	  节能风电	  2014-09-29	  415556.00	  415556.00	  
601018	  宁波港	  601018	  宁波港	  2010-09-28	  1317284.78	  1280000.00	  
601020	  华钰矿业	  601020	  华钰矿业	  2016-03-16	  52591.63	  28264.67	  
601021	  春秋航空	  601021	  春秋航空	  2015-01-21	  80058.00	  20000.00	  
601028	  玉龙股份	  601028	  玉龙股份	  2011-11-07	  78302.58	  78302.58	  
601038	  一拖股份	  601038	  一拖股份	  2012-08-08	  98585.00	  98585.00	  
601058	  赛轮金宇	  601058	  赛轮金宇	  2011-06-30	  229393.72	  226051.92	  
601069	  西部黄金	  601069	  西部黄金	  2015-01-22	  63600.00	  18975.00	  
601086	  国芳集团	  601086	  国芳集团	  2017-09-29	  66600.00	  16000.00	  
601088	  中国神华	  601088	  中国神华	  2007-10-09	  1988962.05	  1988962.05	  
601098	  中南传媒	  601098	  中南传媒	  2010-10-28	  179600.00	  179600.00	  
601099	  太平洋	  601099	  太平洋	  2007-12-28	  681631.64	  647881.64	  
601100	  恒立液压	  601100	  恒立液压	  2011-10-28	  63000.00	  63000.00	  
601101	  昊华能源	  601101	  昊华能源	  2010-03-31	  119999.83	  119999.83	  
601106	  *ST一重	  601106	  *ST一重	  2010-02-09	  685778.29	  653800.00	  
601107	  四川成渝	  601107	  四川成渝	  2009-07-27	  305806.00	  305806.00	  
601108	  财通证券	  601108	  财通证券	  2017-10-24	  358900.00	  35900.00	  
601111	  中国国航	  601111	  中国国航	  2006-08-18	  1452481.52	  1308475.10	  
601113	  华鼎股份	  601113	  华鼎股份	  2011-05-09	  83305.00	  64000.00	  
601116	  三江购物	  601116	  三江购物	  2011-03-02	  41075.88	  41075.88	  
601117	  中国化学	  601117	  中国化学	  2010-01-07	  493300.00	  493300.00	  
601118	  海南橡胶	  601118	  海南橡胶	  2011-01-07	  393117.16	  393117.16	  
601126	  四方股份	  601126	  四方股份	  2010-12-31	  81317.20	  81317.20	  
601127	  小康股份	  601127	  小康股份	  2016-06-15	  90920.00	  18000.00	  
601128	  常熟银行	  601128	  常熟银行	  2016-09-30	  222272.80	  99034.75	  
601137	  博威合金	  601137	  博威合金	  2011-01-27	  62721.97	  56392.86	  
601139	  深圳燃气	  601139	  深圳燃气	  2009-12-25	  221409.22	  218415.82	  
601155	  新城控股	  601155	  新城控股	  2015-12-04	  225848.42	  70468.42	  
601158	  重庆水务	  601158	  重庆水务	  2010-03-29	  480000.00	  480000.00	  
601163	  三角轮胎	  601163	  三角轮胎	  2016-09-09	  80000.00	  28044.28	  
601166	  兴业银行	  601166	  兴业银行	  2007-02-05	  2077419.08	  1905233.68	  
601168	  西部矿业	  601168	  西部矿业	  2007-07-12	  238300.00	  238300.00	  
601169	  北京银行	  601169	  北京银行	  2007-09-19	  1824801.08	  1824801.08	  
601177	  杭齿前进	  601177	  杭齿前进	  2010-10-11	  40006.00	  40006.00	  
601179	  中国西电	  601179	  中国西电	  2010-01-28	  512588.24	  512588.24	  
601186	  中国铁建	  601186	  中国铁建	  2008-03-10	  1357954.15	  1357954.15	  
601188	  龙江交通	  601188	  龙江交通	  2010-03-19	  131587.86	  131587.86	  
601198	  东兴证券	  601198	  东兴证券	  2015-02-26	  275796.07	  125796.07	  
601199	  江南水务	  601199	  江南水务	  2011-03-17	  93520.65	  93520.65	  
601200	  上海环境	  601200	  上海环境	  2017-03-31	  70254.39	  67233.13	  
601208	  东材科技	  601208	  东材科技	  2011-05-20	  62660.10	  62660.10	  
601211	  国泰君安	  601211	  国泰君安	  2015-06-26	  871393.38	  593051.75	  
601212	  白银有色	  601212	  白银有色	  2017-02-15	  697296.59	  69800.00	  
601216	  君正集团	  601216	  君正集团	  2011-02-22	  843801.74	  843801.74	  
601218	  吉鑫科技	  601218	  吉鑫科技	  2011-05-06	  99176.00	  99176.00	  
601222	  林洋能源	  601222	  林洋能源	  2011-08-08	  176409.18	  174253.18	  
601225	  陕西煤业	  601225	  陕西煤业	  2014-01-28	  1000000.00	  1000000.00	  
601226	  华电重工	  601226	  华电重工	  2014-12-11	  115500.00	  40500.00	  
601228	  广州港	  601228	  广州港	  2017-03-29	  619318.00	  69868.00	  
601229	  上海银行	  601229	  上海银行	  2016-11-16	  780578.50	  78058.50	  
601231	  环旭电子	  601231	  环旭电子	  2012-02-20	  217592.36	  217592.36	  
601233	  桐昆股份	  601233	  桐昆股份	  2011-05-18	  123193.63	  120510.27	  
601238	  广汽集团	  601238	  广汽集团	  2012-03-29	  650829.78	  650829.78	  
601258	  庞大集团	  601258	  庞大集团	  2011-04-28	  667466.34	  653847.84	  
601288	  农业银行	  601288	  农业银行	  2010-07-15	  32479411.70	  32479411.70	  
601311	  骆驼股份	  601311	  骆驼股份	  2011-06-02	  84839.58	  84839.58	  
601313	  江南嘉捷	  601313	  江南嘉捷	  2012-01-16	  39718.24	  39718.24	  
601318	  中国平安	  601318	  中国平安	  2007-03-01	  1828024.14	  1828024.14	  
601326	  秦港股份	  601326	  秦港股份	  2017-08-16	  558741.20	  138785.30	  
601328	  交通银行	  601328	  交通银行	  2007-05-15	  7426272.66	  7426272.66	  
601333	  广深铁路	  601333	  广深铁路	  2006-12-22	  708353.70	  708353.70	  
601336	  新华保险	  601336	  新华保险	  2011-12-16	  311954.66	  311954.66	  
601339	  百隆东方	  601339	  百隆东方	  2012-06-12	  150000.00	  150000.00	  
601366	  利群股份	  601366	  利群股份	  2017-04-12	  86050.05	  17600.00	  
601368	  绿城水务	  601368	  绿城水务	  2015-06-12	  73581.09	  29420.27	  
601369	  陕鼓动力	  601369	  陕鼓动力	  2010-04-28	  163877.02	  163877.02	  
601375	  中原证券	  601375	  中原证券	  2017-01-03	  392373.47	  195001.15	  
601377	  兴业证券	  601377	  兴业证券	  2010-10-13	  669667.17	  669667.17	  
601388	  怡球资源	  601388	  怡球资源	  2012-04-23	  202540.00	  202540.00	  
601390	  中国中铁	  601390	  中国中铁	  2007-12-03	  2284430.15	  2253542.12	  
601398	  工商银行	  601398	  工商银行	  2006-10-27	  35640625.71	  35640625.71	  
601500	  通用股份	  601500	  通用股份	  2016-09-19	  72691.91	  17491.91	  
601515	  东风股份	  601515	  东风股份	  2012-02-16	  111200.00	  111200.00	  
601518	  吉林高速	  601518	  吉林高速	  2010-03-19	  121320.00	  121320.00	  
601519	  *ST智慧	  601519	  *ST智慧	  2011-01-28	  198770.00	  198770.00	  
601555	  东吴证券	  601555	  东吴证券	  2011-12-12	  300000.00	  289100.00	  
601558	  *ST锐电	  601558	  *ST锐电	  2011-01-13	  603060.00	  566220.00	  
601566	  九牧王	  601566	  九牧王	  2011-05-30	  57463.72	  57463.72	  
601567	  三星医疗	  601567	  三星医疗	  2011-06-15	  141802.63	  123652.00	  
601579	  会稽山	  601579	  会稽山	  2014-08-25	  49736.00	  40000.00	  
601588	  北辰实业	  601588	  北辰实业	  2006-10-16	  336702.00	  336702.00	  
601595	  上海电影	  601595	  上海电影	  2016-08-17	  37350.00	  10604.53	  
601599	  鹿港文化	  601599	  鹿港文化	  2011-05-27	  89406.84	  85295.35	  
601600	  中国铝业	  601600	  中国铝业	  2007-04-30	  1490379.82	  1490379.82	  
601601	  中国太保	  601601	  中国太保	  2007-12-25	  906200.00	  906200.00	  
601607	  上海医药	  601607	  上海医药	  1994-03-24	  268891.05	  268882.89	  
601608	  中信重工	  601608	  中信重工	  2012-07-06	  433941.93	  427978.55	  
601611	  中国核建	  601611	  中国核建	  2016-06-06	  262500.00	  96180.00	  
601616	  广电电气	  601616	  广电电气	  2011-02-01	  93557.50	  93557.50	  
601618	  中国中冶	  601618	  中国中冶	  2009-09-21	  2072361.92	  1911000.00	  
601619	  嘉泽新能	  601619	  嘉泽新能	  2017-07-20	  193300.00	  19371.23	  
601628	  中国人寿	  601628	  中国人寿	  2007-01-09	  2826470.50	  2826470.50	  
601633	  长城汽车	  601633	  长城汽车	  2011-09-28	  912726.90	  912726.90	  
601636	  旗滨集团	  601636	  旗滨集团	  2011-08-12	  268046.79	  251296.58	  
601666	  平煤股份	  601666	  平煤股份	  2006-11-23	  236116.50	  236116.50	  
601668	  中国建筑	  601668	  中国建筑	  2009-07-29	  3000000.00	  2973170.33	  
601669	  中国电建	  601669	  中国电建	  2011-10-18	  1529903.50	  960000.00	  
601677	  明泰铝业	  601677	  明泰铝业	  2011-09-19	  51329.60	  47772.92	  
601678	  滨化股份	  601678	  滨化股份	  2010-02-23	  118800.00	  118800.00	  
601688	  华泰证券	  601688	  华泰证券	  2010-02-26	  716276.88	  716276.88	  
601689	  拓普集团	  601689	  拓普集团	  2015-03-19	  72757.78	  17070.00	  
601699	  潞安环能	  601699	  潞安环能	  2006-09-22	  299140.92	  299140.92	  
601700	  风范股份	  601700	  风范股份	  2011-01-18	  113323.20	  113323.20	  
601717	  郑煤机	  601717	  郑煤机	  2010-08-03	  173247.14	  162112.20	  
601718	  际华集团	  601718	  际华集团	  2010-08-16	  439162.94	  385700.00	  
601727	  上海电气	  601727	  上海电气	  2008-12-05	  1430908.04	  1282431.91	  
601766	  中国中车	  601766	  中国中车	  2008-08-18	  2869886.41	  2728875.83	  
601777	  力帆股份	  601777	  力帆股份	  2010-11-25	  130683.94	  123663.34	  
601788	  光大证券	  601788	  光大证券	  2009-08-18	  461078.76	  461078.76	  
601789	  宁波建工	  601789	  宁波建工	  2011-08-16	  97608.00	  97608.00	  
601798	  蓝科高新	  601798	  蓝科高新	  2011-06-22	  35452.82	  35452.82	  
601799	  星宇股份	  601799	  星宇股份	  2011-02-01	  27615.52	  27615.52	  
601800	  中国交建	  601800	  中国交建	  2012-03-09	  1617473.54	  1617473.54	  
601801	  皖新传媒	  601801	  皖新传媒	  2010-01-18	  198920.47	  198920.47	  
601808	  中海油服	  601808	  中海油服	  2007-09-28	  477159.20	  477159.20	  
601811	  新华文轩	  601811	  新华文轩	  2016-08-08	  123384.10	  64103.15	  
601818	  光大银行	  601818	  光大银行	  2010-08-18	  4667911.85	  4667911.85	  
601857	  中国石油	  601857	  中国石油	  2007-11-05	  18302097.78	  18302097.78	  
601858	  中国科传	  601858	  中国科传	  2017-01-18	  79050.00	  13050.00	  
601866	  中远海发	  601866	  中远海发	  2007-12-12	  1168312.50	  1168312.50	  
601872	  招商轮船	  601872	  招商轮船	  2006-12-01	  529945.81	  472092.18	  
601877	  正泰电器	  601877	  正泰电器	  2010-01-21	  215113.56	  132397.91	  
601878	  浙商证券	  601878	  浙商证券	  2017-06-26	  333333.34	  33333.34	  
601880	  大连港	  601880	  大连港	  2010-12-06	  1289453.60	  1289453.60	  
601881	  中国银河	  601881	  中国银河	  2017-01-23	  1013725.88	  429098.46	  
601882	  海天精工	  601882	  海天精工	  2016-11-07	  52200.00	  5220.00	  
601886	  江河集团	  601886	  江河集团	  2011-08-18	  115405.00	  115405.00	  
601888	  中国国旅	  601888	  中国国旅	  2009-10-15	  195247.55	  195247.55	  
601890	  亚星锚链	  601890	  亚星锚链	  2010-12-28	  95940.00	  95940.00	  
601898	  中煤能源	  601898	  中煤能源	  2008-02-01	  1325866.34	  1325866.34	  
601899	  紫金矿业	  601899	  紫金矿业	  2008-04-25	  2303121.89	  2154074.37	  
601900	  南方传媒	  601900	  南方传媒	  2016-02-15	  89587.66	  17560.00	  
601901	  方正证券	  601901	  方正证券	  2011-08-10	  823210.14	  823210.14	  
601908	  京运通	  601908	  京运通	  2011-09-08	  199529.77	  199301.77	  
601918	  新集能源	  601918	  新集能源	  2007-12-19	  259054.18	  259054.18	  
601919	  中远海控	  601919	  中远海控	  2007-06-26	  1021627.44	  1021627.44	  
601928	  凤凰传媒	  601928	  凤凰传媒	  2011-11-30	  254490.00	  254490.00	  
601929	  吉视传媒	  601929	  吉视传媒	  2012-02-23	  311080.12	  311080.12	  
601933	  永辉超市	  601933	  永辉超市	  2010-12-15	  957046.21	  650887.13	  
601939	  建设银行	  601939	  建设银行	  2007-09-25	  25001097.75	  25001097.75	  
601949	  中国出版	  601949	  中国出版	  2017-08-21	  182250.00	  36450.00	  
601952	  苏垦农发	  601952	  苏垦农发	  2017-05-15	  106000.00	  26000.00	  
601958	  金钼股份	  601958	  金钼股份	  2008-04-17	  322660.44	  322660.44	  
601965	  中国汽研	  601965	  中国汽研	  2012-06-11	  96117.99	  96117.99	  
601966	  玲珑轮胎	  601966	  玲珑轮胎	  2016-07-06	  120000.00	  39440.00	  
601968	  宝钢包装	  601968	  宝钢包装	  2015-06-11	  83333.33	  31333.33	  
601969	  海南矿业	  601969	  海南矿业	  2014-12-09	  195472.03	  85867.00	  
601985	  中国核电	  601985	  中国核电	  2015-06-10	  1556543.00	  424125.00	  
601988	  中国银行	  601988	  中国银行	  2006-07-05	  29438779.12	  29438779.12	  
601989	  中国重工	  601989	  中国重工	  2009-12-16	  1907989.71	  1836166.51	  
601991	  大唐发电	  601991	  大唐发电	  2006-12-20	  1331003.76	  1331003.76	  
601992	  金隅股份	  601992	  金隅股份	  2011-03-01	  1067777.11	  1048400.39	  
601996	  丰林集团	  601996	  丰林集团	  2011-09-29	  95818.40	  93782.40	  
601997	  贵阳银行	  601997	  贵阳银行	  2016-08-16	  229859.19	  120763.09	  
601998	  中信银行	  601998	  中信银行	  2007-04-27	  4893479.66	  4678732.70	  
601999	  出版传媒	  601999	  出版传媒	  2007-12-21	  55091.47	  55091.47	  
603000	  人民网	  603000	  人民网	  2012-04-27	  110569.11	  110569.11	  
603001	  奥康国际	  603001	  奥康国际	  2012-04-26	  40098.00	  40098.00	  
603002	  宏昌电子	  603002	  宏昌电子	  2012-05-18	  61441.17	  60558.47	  
603003	  龙宇燃油	  603003	  龙宇燃油	  2012-08-17	  44111.46	  44111.46	  
603005	  晶方科技	  603005	  晶方科技	  2014-02-10	  23270.70	  17164.87	  
603006	  联明股份	  603006	  联明股份	  2014-06-30	  19283.56	  7003.38	  
603007	  花王股份	  603007	  花王股份	  2016-08-26	  33337.50	  19436.20	  
603008	  喜临门	  603008	  喜临门	  2012-07-17	  39425.78	  31500.00	  
603009	  北特科技	  603009	  北特科技	  2014-07-18	  32815.39	  32066.51	  
603010	  万盛股份	  603010	  万盛股份	  2014-10-10	  25439.20	  22000.00	  
603011	  合锻智能	  603011	  合锻智能	  2014-11-07	  44619.88	  26139.88	  
603012	  创力集团	  603012	  创力集团	  2015-03-20	  63656.00	  42383.41	  
603015	  弘讯科技	  603015	  弘讯科技	  2015-03-03	  40587.00	  16020.00	  
603016	  新宏泰	  603016	  新宏泰	  2016-07-01	  14896.00	  7046.00	  
603017	  中衡设计	  603017	  中衡设计	  2014-12-31	  27537.37	  15281.13	  
603018	  中设集团	  603018	  中设集团	  2014-10-13	  21151.76	  20800.00	  
603019	  中科曙光	  603019	  中科曙光	  2014-11-06	  64302.40	  40175.48	  
603020	  爱普股份	  603020	  爱普股份	  2015-03-25	  32000.00	  19346.00	  
603021	  山东华鹏	  603021	  山东华鹏	  2015-04-23	  31994.81	  20783.19	  
603022	  新通联	  603022	  新通联	  2015-05-18	  20000.00	  6500.00	  
603023	  威帝股份	  603023	  威帝股份	  2015-05-27	  36000.00	  12701.70	  
603025	  大豪科技	  603025	  大豪科技	  2015-04-22	  45062.49	  5100.00	  
603026	  石大胜华	  603026	  石大胜华	  2015-05-29	  20268.00	  14042.76	  
603027	  千禾味业	  603027	  千禾味业	  2016-03-07	  32000.00	  13319.03	  
603028	  赛福天	  603028	  赛福天	  2016-03-31	  22080.00	  11556.87	  
603029	  天鹅股份	  603029	  天鹅股份	  2016-04-27	  9334.00	  3652.55	  
603030	  全筑股份	  603030	  全筑股份	  2015-03-20	  53865.93	  24514.93	  
603031	  安德利	  603031	  安德利	  2016-08-22	  8000.00	  3990.14	  
603032	  德新交运	  603032	  德新交运	  2017-01-05	  13334.00	  3334.00	  
603033	  三维股份	  603033	  三维股份	  2016-12-07	  12698.00	  3178.00	  
603035	  常熟汽饰	  603035	  常熟汽饰	  2017-01-05	  28000.00	  7000.00	  
603036	  如通股份	  603036	  如通股份	  2016-12-09	  20336.00	  5084.00	  
603037	  凯众股份	  603037	  凯众股份	  2017-01-20	  10400.00	  2600.00	  
603038	  华立股份	  603038	  华立股份	  2017-01-16	  6670.00	  1670.00	  
603039	  泛微网络	  603039	  泛微网络	  2017-01-13	  6667.00	  1667.00	  
603040	  新坐标	  603040	  新坐标	  2017-02-09	  6107.93	  1500.00	  
603041	  美思德	  603041	  美思德	  2017-03-30	  10000.00	  2500.00	  
603042	  华脉科技	  603042	  华脉科技	  2017-06-02	  13600.00	  3400.00	  
603043	  广州酒家	  603043	  广州酒家	  2017-06-27	  40399.62	  5000.00	  
603050	  科林电气	  603050	  科林电气	  2017-04-14	  16000.80	  4000.80	  
603055	  台华新材	  603055	  台华新材	  2017-09-21	  54760.00	  6760.00	  
603058	  永吉股份	  603058	  永吉股份	  2016-12-23	  42156.00	  4216.00	  
603060	  国检集团	  603060	  国检集团	  2016-11-09	  22000.00	  5500.00	  
603063	  禾望电气	  603063	  禾望电气	  2017-07-28	  42000.00	  6000.00	  
603066	  音飞储存	  603066	  音飞储存	  2015-06-11	  30236.64	  13757.79	  
603067	  振华股份	  603067	  振华股份	  2016-09-13	  22000.00	  11114.95	  
603069	  海汽集团	  603069	  海汽集团	  2016-07-12	  31600.00	  17380.00	  
603077	  和邦生物	  603077	  和邦生物	  2012-07-31	  883125.02	  883125.02	  
603078	  江化微	  603078	  江化微	  2017-04-10	  6000.00	  1500.00	  
603079	  圣达生物	  603079	  圣达生物	  2017-08-23	  8000.00	  2000.00	  
603081	  大丰实业	  603081	  大丰实业	  2017-04-20	  40180.00	  5180.00	  
603085	  天成自控	  603085	  天成自控	  2015-06-30	  22383.55	  7895.19	  
603086	  先达股份	  603086	  先达股份	  2017-05-11	  8000.00	  2000.00	  
603088	  宁波精达	  603088	  宁波精达	  2014-11-11	  8000.00	  2500.00	  
603089	  正裕工业	  603089	  正裕工业	  2017-01-26	  10667.00	  2667.00	  
603090	  宏盛股份	  603090	  宏盛股份	  2016-08-31	  10000.00	  4068.13	  
603096	  新经典	  603096	  新经典	  2017-04-25	  13466.00	  3336.00	  
603098	  森特股份	  603098	  森特股份	  2016-12-16	  40001.00	  6251.00	  
603099	  长白山	  603099	  长白山	  2014-08-22	  26667.00	  26667.00	  
603100	  川仪股份	  603100	  川仪股份	  2014-08-05	  39500.00	  25862.51	  
603101	  汇嘉时代	  603101	  汇嘉时代	  2016-05-06	  24000.00	  7200.00	  
603103	  横店影视	  603103	  横店影视	  2017-10-12	  45300.00	  5300.00	  
603106	  恒银金融	  603106	  恒银金融	  2017-09-20	  28000.00	  7000.00	  
603108	  润达医疗	  603108	  润达医疗	  2015-05-27	  57953.41	  22185.97	  
603110	  东方材料	  603110	  东方材料	  2017-10-13	  10266.67	  2566.67	  
603111	  康尼机电	  603111	  康尼机电	  2014-08-01	  73838.33	  47970.04	  
603113	  金能科技	  603113	  金能科技	  2017-05-11	  67593.95	  7730.00	  
603116	  红蜻蜓	  603116	  红蜻蜓	  2015-06-29	  41720.00	  18070.57	  
603117	  万林股份	  603117	  万林股份	  2015-06-29	  46232.09	  28174.38	  
603118	  共进股份	  603118	  共进股份	  2015-02-25	  78295.48	  37150.12	  
603123	  翠微股份	  603123	  翠微股份	  2012-05-03	  52414.42	  36839.49	  
603126	  中材节能	  603126	  中材节能	  2014-07-31	  61050.00	  61050.00	  
603127	  昭衍新药	  603127	  昭衍新药	  2017-08-25	  8180.00	  2050.00	  
603128	  华贸物流	  603128	  华贸物流	  2012-05-29	  100541.52	  91108.17	  
603129	  春风动力	  603129	  春风动力	  2017-08-18	  13333.34	  3333.34	  
603131	  上海沪工	  603131	  上海沪工	  2016-06-07	  20000.00	  5000.00	  
603133	  碳元科技	  603133	  碳元科技	  2017-03-20	  20800.00	  5200.00	  
603136	  天目湖	  603136	  天目湖	  2017-09-27	  8000.00	  2000.00	  
603138	  海量数据	  603138	  海量数据	  2017-03-06	  10660.00	  2665.00	  
603139	  康惠制药	  603139	  康惠制药	  2017-04-21	  9988.00	  2497.00	  
603157	  拉夏贝尔	  603157	  拉夏贝尔	  2017-09-25	  54767.16	  26955.98	  
603158	  腾龙股份	  603158	  腾龙股份	  2015-03-20	  21881.10	  10334.24	  
603159	  上海亚虹	  603159	  上海亚虹	  2016-08-12	  10000.00	  2500.00	  
603160	  汇顶科技	  603160	  汇顶科技	  2016-10-17	  45425.83	  22964.40	  
603165	  荣晟环保	  603165	  荣晟环保	  2017-01-17	  12668.00	  3168.00	  
603166	  福达股份	  603166	  福达股份	  2014-11-27	  59201.87	  14986.79	  
603167	  渤海轮渡	  603167	  渤海轮渡	  2012-09-06	  48140.00	  48140.00	  
603168	  莎普爱思	  603168	  莎普爱思	  2014-07-02	  24814.81	  22872.50	  
603169	  兰石重装	  603169	  兰石重装	  2014-10-09	  102541.56	  102541.56	  
603177	  德创环保	  603177	  德创环保	  2017-02-07	  20200.00	  5050.00	  
603178	  圣龙股份	  603178	  圣龙股份	  2017-03-28	  20000.00	  5000.00	  
603179	  新泉股份	  603179	  新泉股份	  2017-03-17	  15940.00	  3985.00	  
603180	  金牌厨柜	  603180	  金牌厨柜	  2017-05-12	  6700.00	  1700.00	  
603181	  皇马科技	  603181	  皇马科技	  2017-08-24	  20000.00	  5000.00	  
603183	  建研院	  603183	  建研院	  2017-09-05	  8800.00	  2200.00	  
603186	  华正新材	  603186	  华正新材	  2017-01-03	  12935.00	  3235.00	  
603188	  亚邦股份	  603188	  亚邦股份	  2014-09-09	  57600.00	  57600.00	  
603189	  网达软件	  603189	  网达软件	  2016-09-14	  22080.00	  11010.00	  
603196	  日播时尚	  603196	  日播时尚	  2017-05-31	  24000.00	  6000.00	  
603197	  保隆科技	  603197	  保隆科技	  2017-05-19	  11710.08	  2928.00	  
603198	  迎驾贡酒	  603198	  迎驾贡酒	  2015-05-28	  80000.00	  16640.00	  
603199	  九华旅游	  603199	  九华旅游	  2015-03-26	  11068.00	  7294.43	  
603200	  上海洗霸	  603200	  上海洗霸	  2017-06-01	  7372.00	  1843.00	  
603203	  快克股份	  603203	  快克股份	  2016-11-08	  11960.00	  2990.00	  
603208	  江山欧派	  603208	  江山欧派	  2017-02-10	  8081.61	  2021.00	  
603218	  日月股份	  603218	  日月股份	  2016-12-28	  40100.00	  4100.00	  
603222	  济民制药	  603222	  济民制药	  2015-02-17	  32000.00	  11294.00	  
603223	  恒通股份	  603223	  恒通股份	  2015-06-30	  12000.00	  7900.00	  
603225	  新凤鸣	  603225	  新凤鸣	  2017-04-18	  60200.00	  7730.00	  
603226	  菲林格尔	  603226	  菲林格尔	  2017-06-15	  8960.80	  2167.00	  
603227	  雪峰科技	  603227	  雪峰科技	  2015-05-15	  65870.00	  42154.00	  
603228	  景旺电子	  603228	  景旺电子	  2017-01-06	  40800.00	  4800.00	  
603229	  奥翔药业	  603229	  奥翔药业	  2017-05-09	  16000.00	  4000.00	  
603232	  格尔软件	  603232	  格尔软件	  2017-04-21	  6100.00	  1525.00	  
603233	  大参林	  603233	  大参林	  2017-07-31	  40001.00	  4001.00	  
603238	  诺邦股份	  603238	  诺邦股份	  2017-02-22	  12000.00	  3000.00	  
603239	  浙江仙通	  603239	  浙江仙通	  2016-12-30	  27072.00	  6768.00	  
603258	  电魂网络	  603258	  电魂网络	  2016-10-26	  24000.00	  6678.60	  
603260	  合盛硅业	  603260	  合盛硅业	  2017-10-30	  67000.00	  7000.00	  
603266	  天龙股份	  603266	  天龙股份	  2017-01-10	  10000.00	  2500.00	  
603268	  松发股份	  603268	  松发股份	  2015-03-19	  8938.40	  4114.00	  
603269	  海鸥股份	  603269	  海鸥股份	  2017-05-17	  9147.00	  2287.00	  
603277	  银都股份	  603277	  银都股份	  2017-09-11	  40080.00	  6600.00	  
603286	  日盈电子	  603286	  日盈电子	  2017-06-27	  8807.60	  2201.90	  
603288	  海天味业	  603288	  海天味业	  2014-02-11	  270120.67	  269688.67	  
603289	  泰瑞机器	  603289	  泰瑞机器	  2017-10-31	  20400.00	  5100.00	  
603298	  杭叉集团	  603298	  杭叉集团	  2016-12-27	  61885.42	  8666.00	  
603299	  井神股份	  603299	  井神股份	  2015-12-31	  55944.00	  27930.09	  
603300	  华铁科技	  603300	  华铁科技	  2015-05-29	  40534.00	  27811.40	  
603303	  得邦照明	  603303	  得邦照明	  2017-03-30	  40800.00	  10200.00	  
603305	  旭升股份	  603305	  旭升股份	  2017-07-10	  40060.00	  4160.00	  
603306	  华懋科技	  603306	  华懋科技	  2014-09-26	  23616.90	  21156.00	  
603308	  应流股份	  603308	  应流股份	  2014-01-22	  43375.43	  40001.00	  
603309	  维力医疗	  603309	  维力医疗	  2015-03-02	  20000.00	  7700.00	  
603311	  金海环境	  603311	  金海环境	  2015-05-18	  21000.00	  9300.63	  
603313	  梦百合	  603313	  梦百合	  2016-10-13	  24000.00	  8234.70	  
603315	  福鞍股份	  603315	  福鞍股份	  2015-04-24	  20000.00	  7786.25	  
603316	  诚邦股份	  603316	  诚邦股份	  2017-06-19	  20328.00	  5082.00	  
603318	  派思股份	  603318	  派思股份	  2015-04-24	  36525.00	  10620.00	  
603319	  湘油泵	  603319	  湘油泵	  2016-11-30	  8092.00	  2023.00	  
603320	  迪贝电气	  603320	  迪贝电气	  2017-05-02	  10000.00	  2500.00	  
603321	  梅轮电梯	  603321	  梅轮电梯	  2017-09-15	  30700.00	  7700.00	  
603322	  超讯通信	  603322	  超讯通信	  2016-07-28	  8000.00	  3239.92	  
603323	  吴江银行	  603323	  吴江银行	  2016-11-29	  144808.43	  14495.00	  
603326	  我乐家居	  603326	  我乐家居	  2017-06-16	  16123.45	  4000.00	  
603328	  依顿电子	  603328	  依顿电子	  2014-07-01	  99771.61	  98652.23	  
603330	  上海天洋	  603330	  上海天洋	  2017-02-13	  6000.00	  1500.00	  
603331	  百达精工	  603331	  百达精工	  2017-07-05	  12725.33	  3181.33	  
603333	  明星电缆	  603333	  明星电缆	  2012-05-07	  52000.50	  52000.50	  
603335	  迪生力	  603335	  迪生力	  2017-06-20	  25334.00	  6334.00	  
603336	  宏辉果蔬	  603336	  宏辉果蔬	  2016-11-24	  13335.00	  3335.00	  
603337	  杰克股份	  603337	  杰克股份	  2017-01-19	  20667.00	  5167.00	  
603338	  浙江鼎力	  603338	  浙江鼎力	  2015-03-25	  16250.00	  4622.50	  
603339	  四方冷链	  603339	  四方冷链	  2016-05-19	  21024.63	  5680.00	  
603345	  安井食品	  603345	  安井食品	  2017-02-22	  21604.00	  5401.00	  
603355	  莱克电气	  603355	  莱克电气	  2015-05-13	  40100.00	  6669.00	  
603357	  设计总院	  603357	  设计总院	  2017-08-01	  32467.34	  8120.00	  
603358	  华达科技	  603358	  华达科技	  2017-01-25	  16000.00	  4000.00	  
603359	  东珠景观	  603359	  东珠景观	  2017-09-01	  22760.00	  5690.00	  
603360	  百傲化学	  603360	  百傲化学	  2017-02-06	  13334.00	  3334.00	  
603363	  傲农生物	  603363	  傲农生物	  2017-09-26	  42000.00	  6000.00	  
603366	  日出东方	  603366	  日出东方	  2012-05-21	  80000.00	  80000.00	  
603367	  辰欣药业	  603367	  辰欣药业	  2017-09-29	  45335.30	  10000.00	  
603368	  柳州医药	  603368	  柳州医药	  2014-12-04	  18505.25	  7459.91	  
603369	  今世缘	  603369	  今世缘	  2014-07-03	  125450.00	  125450.00	  
603377	  东方时尚	  603377	  东方时尚	  2016-02-05	  42000.00	  11775.63	  
603378	  亚士创能	  603378	  亚士创能	  2017-09-28	  19480.00	  4900.00	  
603380	  易德龙	  603380	  易德龙	  2017-06-22	  16000.00	  4000.00	  
603383	  顶点软件	  603383	  顶点软件	  2017-05-22	  8586.70	  2105.00	  
603385	  惠达卫浴	  603385	  惠达卫浴	  2017-04-05	  28415.11	  7104.00	  
603386	  广东骏亚	  603386	  广东骏亚	  2017-09-12	  20180.00	  5050.00	  
603387	  基蛋生物	  603387	  基蛋生物	  2017-07-17	  13200.00	  3300.00	  
603388	  元成股份	  603388	  元成股份	  2017-03-24	  20000.00	  5000.00	  
603389	  亚振家居	  603389	  亚振家居	  2016-12-15	  21896.00	  5474.95	  
603393	  新天然气	  603393	  新天然气	  2016-09-12	  16000.00	  9564.47	  
603396	  金辰股份	  603396	  金辰股份	  2017-10-18	  7555.67	  1889.00	  
603398	  邦宝益智	  603398	  邦宝益智	  2015-12-09	  21248.00	  5280.00	  
603399	  新华龙	  603399	  新华龙	  2012-08-24	  54325.06	  49925.06	  
603416	  信捷电气	  603416	  信捷电气	  2016-12-21	  14056.00	  3514.00	  
603421	  鼎信通讯	  603421	  鼎信通讯	  2016-10-11	  44310.55	  4340.00	  
603429	  集友股份	  603429	  集友股份	  2017-01-24	  13600.00	  3400.00	  
603444	  吉比特	  603444	  吉比特	  2017-01-04	  7173.99	  1780.00	  
603456	  九洲药业	  603456	  九洲药业	  2014-10-10	  44784.62	  44314.62	  
603458	  勘设股份	  603458	  勘设股份	  2017-08-09	  12415.15	  3103.79	  
603466	  风语筑	  603466	  风语筑	  2017-10-20	  14400.00	  3600.00	  
603488	  展鹏科技	  603488	  展鹏科技	  2017-05-16	  20800.00	  5200.00	  
603496	  恒为科技	  603496	  恒为科技	  2017-06-07	  10000.00	  2500.00	  
603499	  翔港科技	  603499	  翔港科技	  2017-10-16	  10000.00	  2500.00	  
603500	  祥和实业	  603500	  祥和实业	  2017-09-04	  12600.00	  3150.00	  
603501	  韦尔股份	  603501	  韦尔股份	  2017-05-04	  41600.00	  4160.00	  
603505	  金石资源	  603505	  金石资源	  2017-05-03	  24000.00	  6000.00	  
603508	  思维列控	  603508	  思维列控	  2015-12-24	  16000.00	  6520.00	  
603515	  欧普照明	  603515	  欧普照明	  2016-08-19	  57947.91	  9796.21	  
603517	  绝味食品	  603517	  绝味食品	  2017-03-17	  41000.00	  5000.00	  
603518	  维格娜丝	  603518	  维格娜丝	  2014-12-03	  15229.16	  5562.76	  
603519	  立霸股份	  603519	  立霸股份	  2015-03-19	  16000.00	  7687.96	  
603520	  司太立	  603520	  司太立	  2016-03-09	  12000.00	  6465.00	  
603527	  众源新材	  603527	  众源新材	  2017-09-07	  12440.00	  3110.00	  
603528	  多伦科技	  603528	  多伦科技	  2016-05-03	  62004.00	  18759.00	  
603533	  掌阅科技	  603533	  掌阅科技	  2017-09-21	  40100.00	  4100.00	  
603535	  嘉诚国际	  603535	  嘉诚国际	  2017-08-08	  15040.00	  3760.00	  
603536	  惠发股份	  603536	  惠发股份	  2017-06-13	  12000.00	  3000.00	  
603538	  美诺华	  603538	  美诺华	  2017-04-07	  12000.00	  3000.00	  
603555	  贵人鸟	  603555	  贵人鸟	  2014-01-24	  62860.21	  61400.00	  
603556	  海兴电力	  603556	  海兴电力	  2016-11-10	  38019.20	  9334.00	  
603557	  起步股份	  603557	  起步股份	  2017-08-18	  46997.97	  4700.00	  
603558	  健盛集团	  603558	  健盛集团	  2015-01-27	  40261.81	  11550.00	  
603559	  中通国脉	  603559	  中通国脉	  2016-12-02	  13200.00	  3300.00	  
603566	  普莱柯	  603566	  普莱柯	  2015-05-18	  32374.00	  16211.82	  
603567	  珍宝岛	  603567	  珍宝岛	  2015-04-24	  84916.00	  27316.00	  
603568	  伟明环保	  603568	  伟明环保	  2015-05-28	  68721.00	  13063.80	  
603569	  长久物流	  603569	  长久物流	  2016-08-10	  40001.00	  5728.34	  
603577	  汇金通	  603577	  汇金通	  2016-12-22	  17502.00	  4377.00	  
603578	  三星新材	  603578	  三星新材	  2017-03-06	  8800.00	  2200.00	  
603579	  荣泰健康	  603579	  荣泰健康	  2017-01-11	  14000.00	  3500.00	  
603580	  艾艾精工	  603580	  艾艾精工	  2017-05-25	  6667.00	  1667.00	  
603585	  苏利股份	  603585	  苏利股份	  2016-12-14	  15000.00	  3750.00	  
603586	  金麒麟	  603586	  金麒麟	  2017-04-06	  20937.00	  5250.00	  
603588	  高能环境	  603588	  高能环境	  2014-12-29	  66219.10	  48920.54	  
603589	  口子窖	  603589	  口子窖	  2015-06-29	  60000.00	  29352.44	  
603595	  东尼电子	  603595	  东尼电子	  2017-07-12	  10000.00	  2500.00	  
603598	  引力传媒	  603598	  引力传媒	  2015-05-27	  27111.30	  9736.00	  
603599	  广信股份	  603599	  广信股份	  2015-05-13	  37648.00	  13648.00	  
603600	  永艺股份	  603600	  永艺股份	  2015-01-23	  25304.48	  10468.75	  
603601	  再升科技	  603601	  再升科技	  2015-01-22	  38615.13	  21336.33	  
603602	  纵横通信	  603602	  纵横通信	  2017-08-10	  8000.00	  2000.00	  
603603	  博天环境	  603603	  博天环境	  2017-02-17	  40001.00	  4001.00	  
603606	  东方电缆	  603606	  东方电缆	  2014-10-15	  31097.00	  31097.00	  
603607	  京华激光	  603607	  京华激光	  2017-10-25	  9108.00	  2278.00	  
603608	  天创时尚	  603608	  天创时尚	  2016-02-18	  39592.00	  12740.00	  
603609	  禾丰牧业	  603609	  禾丰牧业	  2014-08-08	  83117.65	  83117.65	  
603611	  诺力股份	  603611	  诺力股份	  2015-01-28	  19140.25	  9302.50	  
603612	  索通发展	  603612	  索通发展	  2017-07-18	  24070.49	  6020.00	  
603615	  茶花股份	  603615	  茶花股份	  2017-02-13	  24000.00	  6000.00	  
603616	  韩建河山	  603616	  韩建河山	  2015-06-11	  29336.00	  14736.00	  
603617	  君禾股份	  603617	  君禾股份	  2017-07-03	  10000.00	  2500.00	  
603618	  杭电股份	  603618	  杭电股份	  2015-02-17	  68687.89	  31007.89	  
603626	  科森科技	  603626	  科森科技	  2017-02-09	  29493.34	  7373.34	  
603628	  清源股份	  603628	  清源股份	  2017-01-12	  27380.00	  6845.00	  
603630	  拉芳家化	  603630	  拉芳家化	  2017-03-13	  17440.00	  4360.00	  
603633	  徕木股份	  603633	  ?木股份	  2016-11-17	  12035.00	  3009.00	  
603636	  南威软件	  603636	  南威软件	  2014-12-30	  40683.15	  17038.30	  
603637	  镇海股份	  603637	  镇海股份	  2017-02-08	  13299.66	  3324.92	  
603638	  艾迪精密	  603638	  艾迪精密	  2017-01-20	  17600.00	  4400.00	  
603639	  海利尔	  603639	  海利尔	  2017-01-12	  12000.00	  3000.00	  
603648	  畅联股份	  603648	  畅联股份	  2017-09-13	  36866.67	  9216.67	  
603656	  泰禾光电	  603656	  泰禾光电	  2017-03-21	  10634.40	  2658.60	  
603658	  安图生物	  603658	  安图生物	  2016-09-01	  42000.00	  13653.78	  
603659	  璞泰来	  603659	  璞泰来	  2017-11-03	  43270.29	  6370.29	  
603660	  苏州科达	  603660	  苏州科达	  2016-12-01	  25000.00	  5000.00	  
603663	  三祥新材	  603663	  三祥新材	  2016-08-01	  13415.00	  4906.69	  
603665	  康隆达	  603665	  康隆达	  2017-03-13	  10000.00	  2500.00	  
603667	  五洲新春	  603667	  五洲新春	  2016-10-25	  20240.00	  8729.77	  
603668	  天马科技	  603668	  天马科技	  2017-01-17	  29680.00	  7420.00	  
603669	  灵康药业	  603669	  灵康药业	  2015-05-28	  26000.00	  8645.00	  
603676	  卫信康	  603676	  卫信康	  2017-07-21	  42300.00	  6300.00	  
603677	  奇精机械	  603677	  奇精机械	  2017-02-06	  14017.74	  3400.00	  
603678	  火炬电子	  603678	  火炬电子	  2015-01-26	  45266.60	  23841.52	  
603679	  华体科技	  603679	  华体科技	  2017-06-21	  10000.00	  2500.00	  
603683	  晶华新材	  603683	  晶华新材	  2017-10-20	  12667.00	  3167.00	  
603686	  龙马环卫	  603686	  龙马环卫	  2015-01-26	  27235.00	  10229.50	  
603688	  石英股份	  603688	  石英股份	  2014-10-31	  33733.80	  33635.52	  
603689	  皖天然气	  603689	  皖天然气	  2017-01-10	  33600.00	  8400.00	  
603690	  至纯科技	  603690	  至纯科技	  2017-01-13	  21040.00	  5200.00	  
603696	  安记食品	  603696	  安记食品	  2015-12-09	  12000.00	  3450.00	  
603698	  航天工程	  603698	  航天工程	  2015-01-28	  41230.00	  8877.06	  
603699	  纽威股份	  603699	  纽威股份	  2014-01-17	  75000.00	  75000.00	  
603701	  德宏股份	  603701	  德宏股份	  2016-04-12	  11952.00	  5856.00	  
603703	  盛洋科技	  603703	  盛洋科技	  2015-04-23	  22970.00	  9591.88	  
603707	  健友股份	  603707	  健友股份	  2017-07-19	  42350.00	  6350.00	  
603708	  家家悦	  603708	  家家悦	  2016-12-13	  46800.00	  11700.00	  
603716	  塞力斯	  603716	  塞力斯	  2016-10-31	  7131.60	  3844.26	  
603717	  天域生态	  603717	  天域生态	  2017-03-27	  17271.16	  4317.79	  
603718	  海利生物	  603718	  海利生物	  2015-05-15	  64400.00	  30493.40	  
603721	  中广天择	  603721	  中广天择	  2017-08-11	  10000.00	  2500.00	  
603722	  阿科力	  603722	  阿科力	  2017-10-25	  8670.00	  2170.00	  
603725	  天安新材	  603725	  天安新材	  2017-09-06	  14668.00	  3668.00	  
603726	  朗迪集团	  603726	  朗迪集团	  2016-04-21	  9472.00	  2368.00	  
603727	  博迈科	  603727	  博迈科	  2016-11-22	  23414.50	  5870.00	  
603728	  鸣志电器	  603728	  鸣志电器	  2017-05-09	  32000.00	  8000.00	  
603729	  龙韵股份	  603729	  龙韵股份	  2015-03-24	  6667.00	  3610.00	  
603730	  岱美股份	  603730	  岱美股份	  2017-07-28	  40800.00	  4800.00	  
603737	  三棵树	  603737	  三棵树	  2016-06-03	  10000.00	  3022.10	  
603738	  泰晶科技	  603738	  泰晶科技	  2016-09-28	  11335.60	  4195.60	  
603757	  大元泵业	  603757	  大元泵业	  2017-07-11	  8380.00	  2100.00	  
603758	  秦安股份	  603758	  秦安股份	  2017-05-17	  43879.70	  6000.00	  
603766	  隆鑫通用	  603766	  隆鑫通用	  2012-08-10	  211307.74	  207767.90	  
603767	  中马传动	  603767	  中马传动	  2017-06-13	  21332.00	  5333.00	  
603768	  常青股份	  603768	  常青股份	  2017-03-24	  20400.00	  5100.00	  
603776	  永安行	  603776	  永安行	  2017-08-17	  9600.00	  2400.00	  
603777	  来伊份	  603777	  来伊份	  2016-10-12	  24371.93	  7800.00	  
603778	  乾景园林	  603778	  乾景园林	  2015-12-31	  50000.00	  22620.41	  
603779	  威龙股份	  603779	  威龙股份	  2016-05-16	  20020.00	  9260.58	  
603787	  新日股份	  603787	  新日股份	  2017-04-27	  20400.00	  5100.00	  
603788	  宁波高发	  603788	  宁波高发	  2015-01-20	  16435.30	  4899.60	  
603789	  星光农机	  603789	  星光农机	  2015-04-27	  26196.04	  10400.00	  
603797	  联泰环保	  603797	  联泰环保	  2017-04-13	  21334.00	  5334.00	  
603798	  康普顿	  603798	  康普顿	  2016-04-06	  20000.00	  8540.00	  
603799	  华友钴业	  603799	  华友钴业	  2015-01-29	  59267.66	  27127.20	  
603800	  道森股份	  603800	  道森股份	  2015-12-10	  20800.00	  6760.00	  
603801	  志邦股份	  603801	  志邦股份	  2017-06-30	  16000.00	  4000.00	  
603803	  瑞斯康达	  603803	  瑞斯康达	  2017-04-20	  42105.56	  5680.00	  
603806	  福斯特	  603806	  福斯特	  2014-09-05	  40200.00	  40200.00	  
603808	  歌力思	  603808	  歌力思	  2015-04-22	  33730.20	  11314.57	  
603811	  诚意药业	  603811	  诚意药业	  2017-03-15	  8520.00	  2130.00	  
603813	  原尚股份	  603813	  原尚股份	  2017-09-18	  8827.00	  2207.00	  
603816	  顾家家居	  603816	  顾家家居	  2016-10-14	  41250.00	  8910.00	  
603817	  海峡环保	  603817	  海峡环保	  2017-02-20	  45000.00	  11250.00	  
603818	  曲美家居	  603818	  曲美家居	  2015-04-22	  48412.00	  13160.80	  
603819	  神力股份	  603819	  神力股份	  2016-11-25	  12000.00	  3000.00	  
603822	  嘉澳环保	  603822	  嘉澳环保	  2016-04-28	  7335.00	  4060.00	  
603823	  百合花	  603823	  百合花	  2016-12-20	  22500.00	  4500.00	  
603825	  华扬联众	  603825	  华扬联众	  2017-08-02	  16000.00	  4000.00	  
603826	  坤彩科技	  603826	  坤彩科技	  2017-04-14	  36000.00	  9000.00	  
603828	  柯利达	  603828	  柯利达	  2015-02-26	  33025.66	  10821.60	  
603829	  洛凯股份	  603829	  洛凯股份	  2017-10-17	  16000.00	  4000.00	  
603833	  欧派家居	  603833	  欧派家居	  2017-03-28	  42059.65	  4151.00	  
603838	  四通股份	  603838	  四通股份	  2015-07-01	  26668.00	  9728.00	  
603839	  安正时尚	  603839	  安正时尚	  2017-02-14	  28906.06	  7126.00	  
603843	  正平股份	  603843	  正平股份	  2016-09-05	  40000.30	  19283.63	  
603855	  华荣股份	  603855	  华荣股份	  2017-05-24	  33107.00	  8277.00	  
603858	  步长制药	  603858	  步长制药	  2016-11-18	  68180.00	  6980.00	  
603859	  能科股份	  603859	  能科股份	  2016-10-21	  11356.00	  4989.00	  
603860	  中公高科	  603860	  中公高科	  2017-08-02	  6668.00	  1668.00	  
603861	  白云电器	  603861	  白云电器	  2016-03-22	  40910.00	  12108.53	  
603866	  桃李面包	  603866	  桃李面包	  2015-12-22	  45012.60	  5917.73	  
603868	  飞科电器	  603868	  飞科电器	  2016-04-18	  43560.00	  4360.00	  
603869	  北部湾旅	  603869	  北部湾旅	  2015-03-26	  34880.63	  11181.16	  
603877	  太平鸟	  603877	  太平鸟	  2017-01-09	  48093.24	  5500.00	  
603878	  武进不锈	  603878	  武进不锈	  2016-12-19	  20200.00	  5050.00	  
603879	  永悦科技	  603879	  永悦科技	  2017-06-14	  14400.00	  3600.00	  
603880	  南卫股份	  603880	  南卫股份	  2017-08-07	  10000.00	  2500.00	  
603881	  数据港	  603881	  数据港	  2017-02-08	  21058.65	  5265.00	  
603882	  金域医学	  603882	  金域医学	  2017-09-08	  45788.46	  6868.00	  
603883	  老百姓	  603883	  老百姓	  2015-04-23	  26700.00	  8412.32	  
603885	  吉祥航空	  603885	  吉祥航空	  2015-05-27	  179701.35	  53701.35	  
603886	  元祖股份	  603886	  元祖股份	  2016-12-28	  24000.00	  5999.68	  
603887	  城地股份	  603887	  城地股份	  2016-10-10	  10300.00	  5779.18	  
603888	  新华网	  603888	  新华网	  2016-10-28	  51902.94	  17647.00	  
603889	  新澳股份	  603889	  新澳股份	  2014-12-31	  39365.11	  14358.52	  
603896	  寿仙谷	  603896	  寿仙谷	  2017-05-10	  13980.00	  3495.00	  
603898	  好莱客	  603898	  好莱客	  2015-02-17	  31811.83	  8900.40	  
603899	  晨光文具	  603899	  晨光文具	  2015-01-27	  92000.00	  22400.00	  
603900	  通灵珠宝	  603900	  通灵珠宝	  2016-11-23	  34047.38	  8511.85	  
603901	  永创智能	  603901	  永创智能	  2015-05-29	  40000.00	  15400.00	  
603903	  中持股份	  603903	  中持股份	  2017-03-14	  10243.80	  2560.95	  
603906	  龙蟠科技	  603906	  龙蟠科技	  2017-04-10	  20800.00	  5200.00	  
603908	  牧高笛	  603908	  牧高笛	  2017-03-07	  6669.00	  1669.00	  
603909	  合诚股份	  603909	  合诚股份	  2016-06-28	  10000.00	  2500.00	  
603912	  佳力图	  603912	  佳力图	  2017-11-01	  14800.00	  3700.00	  
603918	  金桥信息	  603918	  金桥信息	  2015-05-28	  17732.50	  12334.40	  
603919	  金徽酒	  603919	  金徽酒	  2016-03-10	  36400.00	  11583.85	  
603920	  世运电路	  603920	  世运电路	  2017-04-26	  40180.00	  8880.00	  
603922	  金鸿顺	  603922	  金鸿顺	  2017-10-23	  12800.00	  3200.00	  
603926	  铁流股份	  603926	  铁流股份	  2017-05-10	  12000.00	  3000.00	  
603928	  兴业股份	  603928	  兴业股份	  2016-12-12	  20160.00	  5040.00	  
603929	  亚翔集成	  603929	  亚翔集成	  2016-12-30	  21336.00	  5336.00	  
603933	  睿能科技	  603933	  睿能科技	  2017-07-06	  10267.00	  2567.00	  
603936	  博敏电子	  603936	  博敏电子	  2015-12-09	  16735.00	  5610.00	  
603937	  丽岛新材	  603937	  丽岛新材	  2017-11-02	  20888.00	  5222.00	  
603938	  三孚股份	  603938	  三孚股份	  2017-06-28	  15016.66	  3755.66	  
603939	  益丰药房	  603939	  益丰药房	  2015-02-17	  36269.47	  19870.27	  
603955	  大千生态	  603955	  大千生态	  2017-03-10	  8700.00	  2175.00	  
603958	  哈森股份	  603958	  哈森股份	  2016-06-29	  21736.00	  6599.90	  
603959	  百利科技	  603959	  百利科技	  2016-05-17	  22400.00	  10640.00	  
603960	  克来机电	  603960	  克来机电	  2017-03-14	  10400.00	  2600.00	  
603963	  大理药业	  603963	  大理药业	  2017-09-22	  10000.00	  2500.00	  
603966	  法兰泰克	  603966	  法兰泰克	  2017-01-25	  16000.00	  4000.00	  
603968	  醋化股份	  603968	  醋化股份	  2015-05-18	  20448.00	  13660.00	  
603969	  银龙股份	  603969	  银龙股份	  2015-02-27	  40000.00	  15263.05	  
603976	  正川股份	  603976	  正川股份	  2017-08-22	  10800.00	  2700.00	  
603977	  国泰集团	  603977	  国泰集团	  2016-11-11	  22108.00	  5528.00	  
603978	  深圳新星	  603978	  深圳新星	  2017-08-07	  8000.00	  2000.00	  
603979	  金诚信	  603979	  金诚信	  2015-06-30	  58500.00	  24316.03	  
603980	  吉华集团	  603980	  吉华集团	  2017-06-15	  50000.00	  10000.00	  
603985	  恒润股份	  603985	  恒润股份	  2017-05-05	  8000.00	  2000.00	  
603986	  兆易创新	  603986	  兆易创新	  2016-08-18	  20269.40	  14734.54	  
603987	  康德莱	  603987	  康德莱	  2016-11-21	  31543.50	  7890.00	  
603988	  中电电机	  603988	  中电电机	  2014-11-04	  8000.00	  2240.00	  
603989	  艾华集团	  603989	  艾华集团	  2015-05-15	  30000.00	  8437.50	  
603990	  麦迪科技	  603990	  麦迪科技	  2016-12-08	  8092.93	  2000.00	  
603991	  至正股份	  603991	  至正股份	  2017-03-08	  7453.50	  1870.00	  
603993	  洛阳钼业	  603993	  洛阳钼业	  2012-10-09	  2159924.06	  1688719.87	  
603996	  中新科技	  603996	  中新科技	  2015-12-22	  30015.00	  10327.50	  
603997	  继峰股份	  603997	  继峰股份	  2015-03-02	  63000.00	  17100.00	  
603998	  方盛制药	  603998	  方盛制药	  2014-12-05	  43093.65	  26917.72	  
603999	  读者传媒	  603999	  读者传媒	  2015-12-10	  57600.00	  23040.00	  
